title_num,title,tag,tag_count,tag_type
1,검은풍경,가난,3,분석 및 해석
1,검은풍경,검정,2,기술
1,검은풍경,겨울,7,기술
1,검은풍경,겨울 길,1,기술
1,검은풍경,고독,11,분석 및 해석
1,검은풍경,고독함,2,분석 및 해석
1,검은풍경,고요,4,분석 및 해석
1,검은풍경,골짜기,3,기술
1,검은풍경,인생,6,분석 및 해석
1,검은풍경,공포,15,분석 및 해석
1,검은풍경,공포영화,3,분석 및 해석
1,검은풍경,꿈,50,분석 및 해석
1,검은풍경,끝,1,분석 및 해석
1,검은풍경,끝없는,2,분석 및 해석
1,검은풍경,나무,16,기술
1,검은풍경,눈길,1,기술
1,검은풍경,동화,7,분석 및 해석
1,검은풍경,막다른길,1,기술
1,검은풍경,무서움,10,분석 및 해석
1,검은풍경,묵묵히,1,분석 및 해석
1,검은풍경,박병춘,1,기술
1,검은풍경,반성,1,분석 및 해석
1,검은풍경,빼곡,1,분석 및 해석
1,검은풍경,산길,1,기술
1,검은풍경,산행,1,기술
1,검은풍경,선명함,1,분석 및 해석
1,검은풍경,설경,1,기술
1,검은풍경,세한도,1,기술
1,검은풍경,속살,1,기술
1,검은풍경,홀로,1,기술
1,검은풍경,수묵,2,기술
1,검은풍경,순례,1,기술
1,검은풍경,숲,6,기술
1,검은풍경,숲길,1,기술
1,검은풍경,숲속,3,기술
1,검은풍경,숲속으로,1,기술
1,검은풍경,심산유곡,1,기술
1,검은풍경,심플,9,분석 및 해석
1,검은풍경,쓸쓸함,5,분석 및 해석
1,검은풍경,어두움,7,분석 및 해석
1,검은풍경,어둠,4,분석 및 해석
1,검은풍경,오솔길,1,기술
1,검은풍경,외길,1,기술
1,검은풍경,외로운,3,분석 및 해석
1,검은풍경,외로움,29,분석 및 해석
1,검은풍경,으시시,1,분석 및 해석
1,검은풍경,인생,6,분석 및 해석
1,검은풍경,절에서떠나는좁은길,1,기술
1,검은풍경,죽으러가는길,1,기술
1,검은풍경,탈출,2,분석 및 해석
1,검은풍경,혼자,1,기술
1,검은풍경,화산,4,기술
1,검은풍경,황량함,3,분석 및 해석
1,검은풍경,회색전나무숲,1,기술
1,검은풍경,흑백,4,기술
1,검은풍경,흑백대비,1,기술
2,"여자의 집II, 이순자의 집#1-제사풍경",가부장적구조,1,분석 및 해석
2,"여자의 집II, 이순자의 집#1-제사풍경",가부장적사회구조,1,분석 및 해석
2,"여자의 집II, 이순자의 집#1-제사풍경",가부장제,1,분석 및 해석
2,"여자의 집II, 이순자의 집#1-제사풍경",가족,1,기술
2,"여자의 집II, 이순자의 집#1-제사풍경",가족의붕괴,1,분석 및 해석
2,"여자의 집II, 이순자의 집#1-제사풍경",굴레,1,분석 및 해석
2,"여자의 집II, 이순자의 집#1-제사풍경",기다림,3,분석 및 해석
2,"여자의 집II, 이순자의 집#1-제사풍경",기묘한시각,1,분석 및 해석
2,"여자의 집II, 이순자의 집#1-제사풍경",김수현작가,1,기술
2,"여자의 집II, 이순자의 집#1-제사풍경",꽁트,1,분석 및 해석
2,"여자의 집II, 이순자의 집#1-제사풍경",꿈,50,분석 및 해석
2,"여자의 집II, 이순자의 집#1-제사풍경",남녀유별,1,분석 및 해석
2,"여자의 집II, 이순자의 집#1-제사풍경",남녀차별,1,분석 및 해석
2,"여자의 집II, 이순자의 집#1-제사풍경",남성과 여성의 분리,1,분석 및 해석
2,"여자의 집II, 이순자의 집#1-제사풍경",남성중심주의,1,분석 및 해석
2,"여자의 집II, 이순자의 집#1-제사풍경",남아선호,1,분석 및 해석
2,"여자의 집II, 이순자의 집#1-제사풍경",남자만자손이냐,1,분석 및 해석
2,"여자의 집II, 이순자의 집#1-제사풍경",남자와여자의경계선,1,분석 및 해석
2,"여자의 집II, 이순자의 집#1-제사풍경",남자의 집,1,기술
2,"여자의 집II, 이순자의 집#1-제사풍경",남존여비,1,분석 및 해석
2,"여자의 집II, 이순자의 집#1-제사풍경",남존여비사상,1,분석 및 해석
2,"여자의 집II, 이순자의 집#1-제사풍경",누군가의 집,1,기술
2,"여자의 집II, 이순자의 집#1-제사풍경",니네집,1,기술
2,"여자의 집II, 이순자의 집#1-제사풍경",단절,3,분석 및 해석
2,"여자의 집II, 이순자의 집#1-제사풍경",대가족,1,기술
2,"여자의 집II, 이순자의 집#1-제사풍경",대비,8,분석 및 해석
2,"여자의 집II, 이순자의 집#1-제사풍경",드라마,1,분석 및 해석
2,"여자의 집II, 이순자의 집#1-제사풍경",따돌림,1,분석 및 해석
2,"여자의 집II, 이순자의 집#1-제사풍경",며느리,2,기술
2,"여자의 집II, 이순자의 집#1-제사풍경",명절,1,기술
2,"여자의 집II, 이순자의 집#1-제사풍경",모임,1,기술
2,"여자의 집II, 이순자의 집#1-제사풍경",문,2,기술
2,"여자의 집II, 이순자의 집#1-제사풍경",방안,2,기술
2,"여자의 집II, 이순자의 집#1-제사풍경",부조리의,1,분석 및 해석
2,"여자의 집II, 이순자의 집#1-제사풍경",무게,2,분석 및 해석
2,"여자의 집II, 이순자의 집#1-제사풍경",불평등,1,분석 및 해석
2,"여자의 집II, 이순자의 집#1-제사풍경",사실의재구성,1,분석 및 해석
2,"여자의 집II, 이순자의 집#1-제사풍경",사실적,3,분석 및 해석
2,"여자의 집II, 이순자의 집#1-제사풍경",사진,14,기술
2,"여자의 집II, 이순자의 집#1-제사풍경",성차별,1,분석 및 해석
2,"여자의 집II, 이순자의 집#1-제사풍경",소외,2,분석 및 해석
2,"여자의 집II, 이순자의 집#1-제사풍경",수박,2,기술
2,"여자의 집II, 이순자의 집#1-제사풍경",시골,8,기술
2,"여자의 집II, 이순자의 집#1-제사풍경",시골집,2,기술
2,"여자의 집II, 이순자의 집#1-제사풍경",시선,3,분석 및 해석
2,"여자의 집II, 이순자의 집#1-제사풍경",집중,2,분석 및 해석
2,"여자의 집II, 이순자의 집#1-제사풍경",심오하다,49,분석 및 해석
2,"여자의 집II, 이순자의 집#1-제사풍경",아들,2,기술
2,"여자의 집II, 이순자의 집#1-제사풍경",안팍의차이,1,분석 및 해석
2,"여자의 집II, 이순자의 집#1-제사풍경",액자식구성,1,기술
2,"여자의 집II, 이순자의 집#1-제사풍경",구성,1,분석 및 해석
2,"여자의 집II, 이순자의 집#1-제사풍경",어머니,4,기술
2,"여자의 집II, 이순자의 집#1-제사풍경",여자,9,기술
2,"여자의 집II, 이순자의 집#1-제사풍경",여자는힘듦,1,분석 및 해석
2,"여자의 집II, 이순자의 집#1-제사풍경",여자의삶,1,분석 및 해석
2,"여자의 집II, 이순자의 집#1-제사풍경",삶,3,분석 및 해석
2,"여자의 집II, 이순자의 집#1-제사풍경",여자의집,1,기술
2,"여자의 집II, 이순자의 집#1-제사풍경",연극,1,분석 및 해석
2,"여자의 집II, 이순자의 집#1-제사풍경",영화,1,분석 및 해석
2,"여자의 집II, 이순자의 집#1-제사풍경",옛날,6,기술
2,"여자의 집II, 이순자의 집#1-제사풍경",외로움,29,분석 및 해석
2,"여자의 집II, 이순자의 집#1-제사풍경",유교,1,분석 및 해석
2,"여자의 집II, 이순자의 집#1-제사풍경",익숙함,1,분석 및 해석
2,"여자의 집II, 이순자의 집#1-제사풍경",장남,1,기술
2,"여자의 집II, 이순자의 집#1-제사풍경",전통,3,분석 및 해석
2,"여자의 집II, 이순자의 집#1-제사풍경",제사,1,기술
2,"여자의 집II, 이순자의 집#1-제사풍경",제사날,1,기술
2,"여자의 집II, 이순자의 집#1-제사풍경",제사와돌사진,1,기술
2,"여자의 집II, 이순자의 집#1-제사풍경",조직,1,기술
2,"여자의 집II, 이순자의 집#1-제사풍경",지루한,1,분석 및 해석
2,"여자의 집II, 이순자의 집#1-제사풍경",지친여자들,1,기술
2,"여자의 집II, 이순자의 집#1-제사풍경",차별,1,분석 및 해석
2,"여자의 집II, 이순자의 집#1-제사풍경",처량,1,분석 및 해석
2,"여자의 집II, 이순자의 집#1-제사풍경",폐습,1,분석 및 해석
2,"여자의 집II, 이순자의 집#1-제사풍경",풍경,14,기술
2,"여자의 집II, 이순자의 집#1-제사풍경",피해자,1,기술
2,"여자의 집II, 이순자의 집#1-제사풍경",한국,3,기술
2,"여자의 집II, 이순자의 집#1-제사풍경",한국의여성,1,기술
2,"여자의 집II, 이순자의 집#1-제사풍경",한숨만,1,분석 및 해석
2,"여자의 집II, 이순자의 집#1-제사풍경",현실,2,분석 및 해석
3,지워지다-두더지,개미핥기,2,기술
3,지워지다-두더지,거대한털뭉치,1,기술
3,지워지다-두더지,고슴도치,1,기술
3,지워지다-두더지,고슴이,1,기술
3,지워지다-두더지,고양이,2,기술
3,지워지다-두더지,고통,4,분석 및 해석
3,지워지다-두더지,괴기,4,분석 및 해석
3,지워지다-두더지,귀여움,3,분석 및 해석
3,지워지다-두더지,기분나쁨,1,분석 및 해석
3,지워지다-두더지,꿈,50,분석 및 해석
3,지워지다-두더지,낮잠,1,기술
3,지워지다-두더지,내집을돌려줘,1,분석 및 해석
3,지워지다-두더지,무거울듯,1,분석 및 해석
3,지워지다-두더지,넙죽절하기,1,기술
3,지워지다-두더지,다이빙,1,기술
3,지워지다-두더지,도망,1,분석 및 해석
3,지워지다-두더지,동물,1,기술
3,지워지다-두더지,돼지,1,기술
3,지워지다-두더지,돼지두더지,1,기술
3,지워지다-두더지,돼지한마리,1,기술
3,지워지다-두더지,두더지,2,기술
3,지워지다-두더지,두더지탄생,1,기술
3,지워지다-두더지,따뜻함,1,분석 및 해석
3,지워지다-두더지,땅굴,2,기술
3,지워지다-두더지,땅속깊숙이 뜨거워,1,분석 및 해석
3,지워지다-두더지,뜨거운두더지,1,기술
3,지워지다-두더지,밍크,2,기술
3,지워지다-두더지,바다,5,기술
3,지워지다-두더지,바닥응시,1,기술
3,지워지다-두더지,반전,6,분석 및 해석
3,지워지다-두더지,발랄,1,분석 및 해석
3,지워지다-두더지,보송보송,1,분석 및 해석
3,지워지다-두더지,부드러움,3,분석 및 해석
3,지워지다-두더지,붉은미학,1,분석 및 해석
3,지워지다-두더지,붉은두더지,1,기술
3,지워지다-두더지,붉은수달,1,기술
3,지워지다-두더지,붉음,3,분석 및 해석
3,지워지다-두더지,빨간,2,기술
3,지워지다-두더지,두더지,2,기술
3,지워지다-두더지,빨강,5,기술
3,지워지다-두더지,뽀송뽀송,1,분석 및 해석
3,지워지다-두더지,사진,14,기술
3,지워지다-두더지,상상,3,분석 및 해석
3,지워지다-두더지,상상력의동물,1,기술
3,지워지다-두더지,생물,1,기술
3,지워지다-두더지,솜같은두더지,1,기술
3,지워지다-두더지,솜사탕,1,기술
3,지워지다-두더지,심오하다,49,분석 및 해석
3,지워지다-두더지,여름,2,분석 및 해석
3,지워지다-두더지,염색한두더지,1,기술
3,지워지다-두더지,오리너구리,1,기술
3,지워지다-두더지,외로움,29,분석 및 해석
3,지워지다-두더지,의미,1,분석 및 해석
3,지워지다-두더지,이상해,1,분석 및 해석
3,지워지다-두더지,잃어버린 집,1,기술
3,지워지다-두더지,잉태,2,분석 및 해석
3,지워지다-두더지,자외선,1,분석 및 해석
3,지워지다-두더지,절,2,기술
3,지워지다-두더지,개미핥기,2,기술
3,지워지다-두더지,점,2,기술
3,지워지다-두더지,쥐,1,기술
3,지워지다-두더지,지문,1,기술
3,지워지다-두더지,징그러운,1,분석 및 해석
3,지워지다-두더지,손가락,1,기술
3,지워지다-두더지,청홍,1,기술
3,지워지다-두더지,태아,2,기술
3,지워지다-두더지,태양,2,기술
3,지워지다-두더지,털복숭이,1,기술
3,지워지다-두더지,파랑,4,기술
3,지워지다-두더지,피,1,기술
3,지워지다-두더지,핏덩어리,1,기술
3,지워지다-두더지,핑크물개,1,기술
3,지워지다-두더지,하늘,9,기술
3,지워지다-두더지,항복한두더지,1,기술
3,지워지다-두더지,해와 두더지,1,기술
3,지워지다-두더지,햇빛을피해,1,기술
4,용마산에서 본 한강전경,가뭄,2,분석 및 해석
4,용마산에서 본 한강전경,강,1,기술
4,용마산에서 본 한강전경,거래,1,기술
4,용마산에서 본 한강전경,상단지도,1,기술
4,용마산에서 본 한강전경,검은산,1,기술
4,용마산에서 본 한강전경,겨울,7,기술
4,용마산에서 본 한강전경,계곡,5,기술
4,용마산에서 본 한강전경,고향,3,분석 및 해석
4,용마산에서 본 한강전경,곡선,1,기술
4,용마산에서 본 한강전경,과거,4,기술
4,용마산에서 본 한강전경,구불,1,분석 및 해석
4,용마산에서 본 한강전경,구불구불,2,분석 및 해석
4,용마산에서 본 한강전경,굽이굽이,1,분석 및 해석
4,용마산에서 본 한강전경,굽이침,1,분석 및 해석
4,용마산에서 본 한강전경,그곳,3,기술
4,용마산에서 본 한강전경,김정호의여정,1,분석 및 해석
4,용마산에서 본 한강전경,깔끔,3,분석 및 해석
4,용마산에서 본 한강전경,꿈,50,분석 및 해석
4,용마산에서 본 한강전경,능선,1,기술
4,용마산에서 본 한강전경,대관령,1,기술
4,용마산에서 본 한강전경,대한민국,1,기술
4,용마산에서 본 한강전경,머나먼길,1,분석 및 해석
4,용마산에서 본 한강전경,무미건조,1,분석 및 해석
4,용마산에서 본 한강전경,물은굽이굽이,1,기술
4,용마산에서 본 한강전경,미로,2,기술
4,용마산에서 본 한강전경,미완성,2,분석 및 해석
4,용마산에서 본 한강전경,배,3,기술
4,용마산에서 본 한강전경,부드러움,3,분석 및 해석
4,용마산에서 본 한강전경,뼈,1,기술
4,용마산에서 본 한강전경,산,10,기술
4,용마산에서 본 한강전경,산고개,1,기술
4,용마산에서 본 한강전경,산맥,3,기술
4,용마산에서 본 한강전경,산수,5,기술
4,용마산에서 본 한강전경,산수화,5,기술
4,용마산에서 본 한강전경,삼천리,2,기술
4,용마산에서 본 한강전경,새벽,3,기술
4,용마산에서 본 한강전경,서울,2,기술
4,용마산에서 본 한강전경,선,2,기술
4,용마산에서 본 한강전경,수묵화,3,기술
4,용마산에서 본 한강전경,시간,1,기술
4,용마산에서 본 한강전경,시골,8,기술
4,용마산에서 본 한강전경,신비,18,분석 및 해석
4,용마산에서 본 한강전경,싸함,2,분석 및 해석
4,용마산에서 본 한강전경,아름다움,8,분석 및 해석
4,용마산에서 본 한강전경,안동하회마을,1,기술
4,용마산에서 본 한강전경,연필,1,기술
4,용마산에서 본 한강전경,영월,1,기술
4,용마산에서 본 한강전경,옛날,6,기술
4,용마산에서 본 한강전경,온갖곡선,1,기술
4,용마산에서 본 한강전경,외로워,1,분석 및 해석
4,용마산에서 본 한강전경,원경,1,기술
4,용마산에서 본 한강전경,원근감떨어짐,1,분석 및 해석
4,용마산에서 본 한강전경,인생,6,분석 및 해석
4,용마산에서 본 한강전경,자연,7,기술
4,용마산에서 본 한강전경,적막,4,분석 및 해석
4,용마산에서 본 한강전경,전경,1,기술
4,용마산에서 본 한강전경,정교함,1,분석 및 해석
4,용마산에서 본 한강전경,조용함,4,분석 및 해석
4,용마산에서 본 한강전경,지도,2,기술
4,용마산에서 본 한강전경,지루함,1,분석 및 해석
4,용마산에서 본 한강전경,첩첩산중,3,분석 및 해석
4,용마산에서 본 한강전경,추억,4,분석 및 해석
4,용마산에서 본 한강전경,풍경,14,기술
4,용마산에서 본 한강전경,한강,1,기술
4,용마산에서 본 한강전경,한국화,5,기술
4,용마산에서 본 한강전경,현대적,2,분석 및 해석
4,용마산에서 본 한강전경,산수,5,기술
4,용마산에서 본 한강전경,흐름,3,분석 및 해석
4,용마산에서 본 한강전경,흑백,4,기술
5,헤이리 여신 우마드,겉치레,1,분석 및 해석
5,헤이리 여신 우마드,결혼,1,기술
5,헤이리 여신 우마드,교회,1,기술
5,헤이리 여신 우마드,사진,14,기술
5,헤이리 여신 우마드,공연,1,기술
5,헤이리 여신 우마드,공연홍보물,1,기술
5,헤이리 여신 우마드,공주,3,기술
5,헤이리 여신 우마드,과장,1,분석 및 해석
5,헤이리 여신 우마드,광녀,1,기술
5,헤이리 여신 우마드,그리스여신,1,기술
5,헤이리 여신 우마드,꽃,12,기술
5,헤이리 여신 우마드,꿈,50,분석 및 해석
5,헤이리 여신 우마드,네명의여자,1,기술
5,헤이리 여신 우마드,드레스,1,기술
5,헤이리 여신 우마드,매력,1,분석 및 해석
5,헤이리 여신 우마드,명성황후,1,기술
5,헤이리 여신 우마드,모델,2,기술
5,헤이리 여신 우마드,무서움,10,분석 및 해석
5,헤이리 여신 우마드,뮤즈,1,분석 및 해석
5,헤이리 여신 우마드,미,1,분석 및 해석
5,헤이리 여신 우마드,미스미인,1,기술
5,헤이리 여신 우마드,부적,1,기술
5,헤이리 여신 우마드,붉은방,1,기술
5,헤이리 여신 우마드,브로셔,1,기술
5,헤이리 여신 우마드,비비인형,1,기술
5,헤이리 여신 우마드,사계,1,분석 및 해석
5,헤이리 여신 우마드,사천왕,1,기술
5,헤이리 여신 우마드,선녀,1,기술
5,헤이리 여신 우마드,심오하다,49,분석 및 해석
5,헤이리 여신 우마드,아름다움,8,분석 및 해석
5,헤이리 여신 우마드,액자,3,기술
5,헤이리 여신 우마드,여성,7,기술
5,헤이리 여신 우마드,여신,1,기술
5,헤이리 여신 우마드,여왕,1,기술
5,헤이리 여신 우마드,여인,5,기술
5,헤이리 여신 우마드,여인들,1,기술
5,헤이리 여신 우마드,여자,9,기술
5,헤이리 여신 우마드,여자들,1,기술
5,헤이리 여신 우마드,예쁘다,12,분석 및 해석
5,헤이리 여신 우마드,왕,1,기술
5,헤이리 여신 우마드,왕비,1,기술
5,헤이리 여신 우마드,왕비들,1,기술
5,헤이리 여신 우마드,왕실,1,기술
5,헤이리 여신 우마드,우표,2,기술
5,헤이리 여신 우마드,유혹,1,분석 및 해석
5,헤이리 여신 우마드,의상,2,기술
5,헤이리 여신 우마드,인생사,1,분석 및 해석
5,헤이리 여신 우마드,인형,1,기술
5,헤이리 여신 우마드,일본 전통의상,1,기술
5,헤이리 여신 우마드,중국인형,1,기술
5,헤이리 여신 우마드,중동,1,기술
5,헤이리 여신 우마드,중세,1,기술
5,헤이리 여신 우마드,중세그림,1,기술
5,헤이리 여신 우마드,중세여인,1,기술
5,헤이리 여신 우마드,창녀,1,기술
5,헤이리 여신 우마드,초상화,2,기술
5,헤이리 여신 우마드,치마,1,기술
5,헤이리 여신 우마드,카드,1,기술
5,헤이리 여신 우마드,타로,1,기술
5,헤이리 여신 우마드,코인의여왕,1,기술
5,헤이리 여신 우마드,타로-고위사제,1,기술
5,헤이리 여신 우마드,타로카드,1,기술
5,헤이리 여신 우마드,패션쇼,1,기술
5,헤이리 여신 우마드,프로필촬영,1,기술
5,헤이리 여신 우마드,프리마돈나,1,기술
5,헤이리 여신 우마드,화려,3,분석 및 해석
5,헤이리 여신 우마드,화보,1,기술
5,헤이리 여신 우마드,화투,2,기술
5,헤이리 여신 우마드,희노애락,1,분석 및 해석
6,새가된 소녀,갈망,2,분석 및 해석
6,새가된 소녀,감옥,5,기술
6,새가된 소녀,거짓,3,분석 및 해석
6,새가된 소녀,검은마음,1,분석 및 해석
6,새가된 소녀,검은새,1,기술
6,새가된 소녀,겨울,7,기술
6,새가된 소녀,고독,11,분석 및 해석
6,새가된 소녀,공격,1,분석 및 해석
6,새가된 소녀,공포,15,분석 및 해석
6,새가된 소녀,공허,7,분석 및 해석
6,새가된 소녀,괴물,4,기술
6,새가된 소녀,귀신,3,기술
6,새가된 소녀,그리움,6,분석 및 해석
6,새가된 소녀,기괴,7,분석 및 해석
6,새가된 소녀,기괴함,5,분석 및 해석
6,새가된 소녀,기억,5,분석 및 해석
6,새가된 소녀,까마귀,2,기술
6,새가된 소녀,꿈,50,분석 및 해석
6,새가된 소녀,꿈꾸는,1,분석 및 해석
6,새가된 소녀,후회,1,분석 및 해석
6,새가된 소녀,끝없는,2,분석 및 해석
6,새가된 소녀,방황,2,분석 및 해석
6,새가된 소녀,나,4,기술
6,새가된 소녀,나무를 찾아,1,기술
6,새가된 소녀,날고싶다,1,분석 및 해석
6,새가된 소녀,날다,2,분석 및 해석
6,새가된 소녀,날아감,1,기술
6,새가된 소녀,내려다보기,1,기술
6,새가된 소녀,다시사람으로,1,기술
6,새가된 소녀,독수리,1,기술
6,새가된 소녀,돌아가고싶은소녀,1,기술
6,새가된 소녀,동화,7,분석 및 해석
6,새가된 소녀,마녀,2,기술
6,새가된 소녀,마돈나,1,기술
6,새가된 소녀,매,1,기술
6,새가된 소녀,무관심,1,분석 및 해석
6,새가된 소녀,무서움,10,분석 및 해석
6,새가된 소녀,무서워,3,분석 및 해석
6,새가된 소녀,무심함,1,분석 및 해석
6,새가된 소녀,방황,2,분석 및 해석
6,새가된 소녀,보들레르,1,기술
6,새가된 소녀,부러움,1,분석 및 해석
6,새가된 소녀,부조화스럽네요,1,분석 및 해석
6,새가된 소녀,비상,2,기술
6,새가된 소녀,비행,2,기술
6,새가된 소녀,빛,9,분석 및 해석
6,새가된 소녀,사냥,1,기술
6,새가된 소녀,사람독수리,1,기술
6,새가된 소녀,사람새,2,기술
6,새가된 소녀,사이렌,1,기술
6,새가된 소녀,상상,3,분석 및 해석
6,새가된 소녀,상실된,1,분석 및 해석
6,새가된 소녀,자아,2,분석 및 해석
6,새가된 소녀,새,2,기술
6,새가된 소녀,새인간,1,기술
6,새가된 소녀,섬뜩,2,분석 및 해석
6,새가된 소녀,소녀의꿈,1,분석 및 해석
6,새가된 소녀,슬픈새,1,기술
6,새가된 소녀,슬픔,6,분석 및 해석
6,새가된 소녀,신화,4,기술
6,새가된 소녀,심오하다,49,분석 및 해석
6,새가된 소녀,아기,2,기술
6,새가된 소녀,안습,1,분석 및 해석
6,새가된 소녀,여자와 새,1,기술
6,새가된 소녀,외로움,29,분석 및 해석
6,새가된 소녀,욕망,2,분석 및 해석
6,새가된 소녀,우스꽝스러움,1,분석 및 해석
6,새가된 소녀,인간새,2,기술
6,새가된 소녀,인면조,1,기술
6,새가된 소녀,자유,8,분석 및 해석
6,새가된 소녀,자유를 살아가는 새,1,기술
6,새가된 소녀,죽음,7,분석 및 해석
6,새가된 소녀,징그러움,8,분석 및 해석
6,새가된 소녀,처량함,2,분석 및 해석
6,새가된 소녀,켄타우로스,1,기술
6,새가된 소녀,하울,1,기술
6,새가된 소녀,합성,9,분석 및 해석
6,새가된 소녀,환상동화,1,분석 및 해석
6,새가된 소녀,희망,6,분석 및 해석
6,새가된 소녀,희망에 갇힘,1,분석 및 해석
7,Still Life-두개의 문,갈림길,2,기술
7,Still Life-두개의 문,감옥,5,기술
7,Still Life-두개의 문,고민,4,분석 및 해석
7,Still Life-두개의 문,공허함,4,분석 및 해석
7,Still Life-두개의 문,그래결심했어,1,분석 및 해석
7,Still Life-두개의 문,꿈,50,분석 및 해석
7,Still Life-두개의 문,남과 여,2,기술
7,Still Life-두개의 문,남자,5,기술
7,Still Life-두개의 문,닮은 듯 다름,1,분석 및 해석
7,Still Life-두개의 문,닮음 다름,1,분석 및 해석
7,Still Life-두개의 문,대칭,5,분석 및 해석
7,Still Life-두개의 문,독방,1,기술
7,Still Life-두개의 문,두 문,1,기술
7,Still Life-두개의 문,두개의 문,1,기술
7,Still Life-두개의 문,매트릭스,1,기술
7,Still Life-두개의 문,모던함,1,분석 및 해석
7,Still Life-두개의 문,문,2,기술
7,Still Life-두개의 문,문고리,1,기술
7,Still Life-두개의 문,문을 열다,1,기술
7,Still Life-두개의 문,밀폐공간,1,기술
7,Still Life-두개의 문,배려,1,분석 및 해석
7,Still Life-두개의 문,번민,1,분석 및 해석
7,Still Life-두개의 문,변심,1,분석 및 해석
7,Still Life-두개의 문,비밀의 문,2,기술
7,Still Life-두개의 문,빨간 약,1,기술
7,Still Life-두개의 문,사과,2,기술
7,Still Life-두개의 문,상반된선택의갈림길,1,기술
7,Still Life-두개의 문,색,4,기술
7,Still Life-두개의 문,색맹은모른다,1,분석 및 해석
7,Still Life-두개의 문,색채,3,기술
7,Still Life-두개의 문,선과 악,1,분석 및 해석
7,Still Life-두개의 문,선악,1,분석 및 해석
7,Still Life-두개의 문,선택,3,분석 및 해석
7,Still Life-두개의 문,선택의 순간,1,분석 및 해석
7,Still Life-두개의 문,선택의 기로,1,분석 및 해석
7,Still Life-두개의 문,신비,18,분석 및 해석
7,Still Life-두개의 문,신호등,1,기술
7,Still Life-두개의 문,심오하다,49,분석 및 해석
7,Still Life-두개의 문,안과 밝,1,분석 및 해석
7,Still Life-두개의 문,양갈래,1,분석 및 해석
7,Still Life-두개의 문,양자택일,1,분석 및 해석
7,Still Life-두개의 문,여자,9,기술
7,Still Life-두개의 문,오른쪽과 왼쪽,1,분석 및 해석
7,Still Life-두개의 문,우울함,2,분석 및 해석
7,Still Life-두개의 문,유현미,1,기술
7,Still Life-두개의 문,인생,6,분석 및 해석
7,Still Life-두개의 문,인생극장,1,분석 및 해석
7,Still Life-두개의 문,인생의기로,1,분석 및 해석
7,Still Life-두개의 문,좋아해,2,분석 및 해석
7,Still Life-두개의 문,집앞,1,기술
7,Still Life-두개의 문,창고,1,기술
7,Still Life-두개의 문,천국과지옥,1,분석 및 해석
7,Still Life-두개의 문,콘크리트,1,기술
7,Still Life-두개의 문,파란약,1,기술
7,Still Life-두개의 문,호기심,6,분석 및 해석
7,Still Life-두개의 문,화장실,2,기술
8,실락원 #1,거짓,3,분석 및 해석
8,실락원 #1,광명,2,분석 및 해석
8,실락원 #1,광택,1,분석 및 해석
8,실락원 #1,괴로움,1,분석 및 해석
8,실락원 #1,그리스,1,기술
8,실락원 #1,그림,3,기술
8,실락원 #1,금속,1,분석 및 해석
8,실락원 #1,기괴,7,분석 및 해석
8,실락원 #1,꿈,50,분석 및 해석
8,실락원 #1,나락,1,분석 및 해석
8,실락원 #1,나체,4,기술
8,실락원 #1,낙원,3,기술
8,실락원 #1,누드,3,기술
8,실락원 #1,눈부심,2,분석 및 해석
8,실락원 #1,달과 태양,1,기술
8,실락원 #1,데자뷰,1,분석 및 해석
8,실락원 #1,동산,1,기술
8,실락원 #1,많은사람,1,기술
8,실락원 #1,바다,5,기술
8,실락원 #1,반어적,1,분석 및 해석
8,실락원 #1,반전,6,분석 및 해석
8,실락원 #1,배,3,기술
8,실락원 #1,변형,1,분석 및 해석
8,실락원 #1,병풍,3,기술
8,실락원 #1,복잡,5,분석 및 해석
8,실락원 #1,빛,9,기술
8,실락원 #1,빛과어둠,1,기술
8,실락원 #1,빛바랜 그림,1,분석 및 해석
8,실락원 #1,빛바랜 사진,1,분석 및 해석
8,실락원 #1,빛바램,2,분석 및 해석
8,실락원 #1,빛의효과,1,분석 및 해석
8,실락원 #1,사람,9,기술
8,실락원 #1,사람얼굴,1,기술
8,실락원 #1,사진,14,기술
8,실락원 #1,서사적 구성,3,분석 및 해석
8,실락원 #1,서양화,1,기술
8,실락원 #1,세상,2,기술
8,실락원 #1,신문,1,기술
8,실락원 #1,삽화,2,분석 및 해석
8,실락원 #1,신화,4,분석 및 해석
8,실락원 #1,실락원,1,기술
8,실락원 #1,아픔,2,분석 및 해석
8,실락원 #1,어두움,7,분석 및 해석
8,실락원 #1,예쁘다,12,분석 및 해석
8,실락원 #1,옛날옛적,1,기술
8,실락원 #1,외계인,2,기술
8,실락원 #1,원시 인간들,1,기술
8,실락원 #1,인간들의뒤섞임,1,기술
8,실락원 #1,인간사,2,분석 및 해석
8,실락원 #1,인간의 최후,1,분석 및 해석
8,실락원 #1,자연,7,기술
8,실락원 #1,잡지,1,기술
8,실락원 #1,전쟁,6,기술
8,실락원 #1,전조등,1,기술
8,실락원 #1,조명받은흑백사진,1,기술
8,실락원 #1,종말,1,분석 및 해석
8,실락원 #1,지옥,3,기술
8,실락원 #1,지옥도,2,기술
8,실락원 #1,차가움,4,분석 및 해석
8,실락원 #1,천지창조,2,분석 및 해석
8,실락원 #1,최후의만찬,2,분석 및 해석
8,실락원 #1,카오스,1,분석 및 해석
8,실락원 #1,해골,3,기술
8,실락원 #1,햇빛,2,기술
8,실락원 #1,향수,2,분석 및 해석
8,실락원 #1,혼돈,2,분석 및 해석
8,실락원 #1,혼란,2,분석 및 해석
8,실락원 #1,환상,9,분석 및 해석
8,실락원 #1,흑백,4,기술
8,실락원 #1,희망,6,분석 및 해석
8,실락원 #1,희미함,1,분석 및 해석
9,Tomorrow-강아지 마을,가난,3,분석 및 해석
9,Tomorrow-강아지 마을,강아지,1,기술
9,Tomorrow-강아지 마을,개,3,기술
9,Tomorrow-강아지 마을,고향,3,기술
9,Tomorrow-강아지 마을,공간의왜곡,1,분석 및 해석
9,Tomorrow-강아지 마을,구불구불,2,분석 및 해석
9,Tomorrow-강아지 마을,굴절,1,분석 및 해석
9,Tomorrow-강아지 마을,균열,1,분석 및 해석
9,Tomorrow-강아지 마을,금호동,1,기술
9,Tomorrow-강아지 마을,꿈,50,분석 및 해석
9,Tomorrow-강아지 마을,누렁이,1,기술
9,Tomorrow-강아지 마을,다닥다닥,1,분석 및 해석
9,Tomorrow-강아지 마을,다중시점,1,기술
9,Tomorrow-강아지 마을,달동네,1,기술
9,Tomorrow-강아지 마을,동네,1,기술
9,Tomorrow-강아지 마을,동일소재,1,기술
9,Tomorrow-강아지 마을,뒤죽박죽,1,분석 및 해석
9,Tomorrow-강아지 마을,등산,1,기술
9,Tomorrow-강아지 마을,마을,2,기술
9,Tomorrow-강아지 마을,민화,2,기술
9,Tomorrow-강아지 마을,별세계,1,기술
9,Tomorrow-강아지 마을,복잡,5,분석 및 해석
9,Tomorrow-강아지 마을,부산,1,기술
9,Tomorrow-강아지 마을,분주함,2,분석 및 해석
9,Tomorrow-강아지 마을,빈민가,1,기술
9,Tomorrow-강아지 마을,사람사는 곳,1,기술
9,Tomorrow-강아지 마을,사랑,4,분석 및 해석
9,Tomorrow-강아지 마을,사실적,3,분석 및 해석
9,Tomorrow-강아지 마을,산동네,1,기술
9,Tomorrow-강아지 마을,삶,3,분석 및 해석
9,Tomorrow-강아지 마을,생동감,1,분석 및 해석
9,Tomorrow-강아지 마을,세기말의 그들,1,분석 및 해석
9,Tomorrow-강아지 마을,수준이하,1,분석 및 해석
9,Tomorrow-강아지 마을,슬픔,6,분석 및 해석
9,Tomorrow-강아지 마을,신비,18,분석 및 해석
9,Tomorrow-강아지 마을,심오하다,49,분석 및 해석
9,Tomorrow-강아지 마을,압도,3,분석 및 해석
9,Tomorrow-강아지 마을,압도감,1,분석 및 해석
9,Tomorrow-강아지 마을,압축,1,분석 및 해석
9,Tomorrow-강아지 마을,연쇄고리,1,분석 및 해석
9,Tomorrow-강아지 마을,오름,1,분석 및 해석
9,Tomorrow-강아지 마을,옥수동,1,기술
9,Tomorrow-강아지 마을,옹기종기,2,분석 및 해석
9,Tomorrow-강아지 마을,왜곡,4,분석 및 해석
9,Tomorrow-강아지 마을,왜곡이 곧 현실,1,분석 및 해석
9,Tomorrow-강아지 마을,외로움,29,분석 및 해석
9,Tomorrow-강아지 마을,우리동네,1,기술
9,Tomorrow-강아지 마을,원성원,2,기술
9,Tomorrow-강아지 마을,유기견,1,기술
9,Tomorrow-강아지 마을,이상한 마을,1,기술
9,Tomorrow-강아지 마을,재개발,1,기술
9,Tomorrow-강아지 마을,재건축,1,기술
9,Tomorrow-강아지 마을,재미남,1,분석 및 해석
9,Tomorrow-강아지 마을,전쟁,6,기술
9,Tomorrow-강아지 마을,정신없음,2,분석 및 해석
9,Tomorrow-강아지 마을,조밀조밀,1,분석 및 해석
9,Tomorrow-강아지 마을,조잡함,1,분석 및 해석
9,Tomorrow-강아지 마을,주인없는마을,1,기술
9,Tomorrow-강아지 마을,지진,2,기술
9,Tomorrow-강아지 마을,집의 틈새,1,기술
9,Tomorrow-강아지 마을,큰 개,1,기술
9,Tomorrow-강아지 마을,판자집,1,기술
9,Tomorrow-강아지 마을,판자촌,1,기술
9,Tomorrow-강아지 마을,풍경,14,기술
9,Tomorrow-강아지 마을,풍자,4,분석 및 해석
9,Tomorrow-강아지 마을,합성,9,분석 및 해석
9,Tomorrow-강아지 마을,혼잡,2,분석 및 해석
9,Tomorrow-강아지 마을,행복,1,분석 및 해석
10,비위치드 #5,가난,3,분석 및 해석
10,비위치드 #5,가난과그대,1,기술
10,비위치드 #5,과거,4,기술
10,비위치드 #5,과거와현재,1,기술
10,비위치드 #5,꿈,50,분석 및 해석
10,비위치드 #5,꿈의 실현,1,분석 및 해석
10,비위치드 #5,낡음,2,분석 및 해석
10,비위치드 #5,남성,1,기술
10,비위치드 #5,남자,5,기술
10,비위치드 #5,대립,2,분석 및 해석
10,비위치드 #5,대비,8,분석 및 해석
10,비위치드 #5,대조,6,분석 및 해석
10,비위치드 #5,동남아,1,기술
10,비위치드 #5,디자이너,1,기술
10,비위치드 #5,모델,2,기술
10,비위치드 #5,배경,2,기술
10,비위치드 #5,배경의 중요성,1,분석 및 해석
10,비위치드 #5,배부름,1,분석 및 해석
10,비위치드 #5,양장점,1,기술
10,비위치드 #5,밍크코트,1,기술
10,비위치드 #5,변신,1,분석 및 해석
10,비위치드 #5,변화,6,기술
10,비위치드 #5,병치,1,분석 및 해석
10,비위치드 #5,복고,1,분석 및 해석
10,비위치드 #5,본성의불변함,1,분석 및 해석
10,비위치드 #5,부와 빈곤,1,분석 및 해석
10,비위치드 #5,부조화,11,분석 및 해석
10,비위치드 #5,부조화와 조화,1,분석 및 해석
10,비위치드 #5,북한,2,기술
10,비위치드 #5,비교,2,분석 및 해석
10,비위치드 #5,빨강,5,기술
10,비위치드 #5,뻣뻣,1,분석 및 해석
10,비위치드 #5,사람,9,기술
10,비위치드 #5,사실적,3,분석 및 해석
10,비위치드 #5,사진,14,기술
10,비위치드 #5,사진같다,1,분석 및 해석
10,비위치드 #5,성장,1,분석 및 해석
10,비위치드 #5,소름,1,분석 및 해석
10,비위치드 #5,숏다리,1,기술
10,비위치드 #5,순간이동,1,분석 및 해석
10,비위치드 #5,스토리텔링,1,분석 및 해석
10,비위치드 #5,슬라이딩,1,분석 및 해석
10,비위치드 #5,시선,3,분석 및 해석
10,비위치드 #5,심오하다,49,분석 및 해석
10,비위치드 #5,아버지,3,기술
10,비위치드 #5,안경,1,기술
10,비위치드 #5,암울,1,분석 및 해석
10,비위치드 #5,원초적,1,분석 및 해석
10,비위치드 #5,순수함,2,분석 및 해석
10,비위치드 #5,역사,1,분석 및 해석
10,비위치드 #5,옛날,6,기술
10,비위치드 #5,중국,8,기술
10,비위치드 #5,위치,1,기술
10,비위치드 #5,의상,2,기술
10,비위치드 #5,이야기적 구성,1,분석 및 해석
10,비위치드 #5,이중성,4,분석 및 해석
10,비위치드 #5,인력거,1,기술
10,비위치드 #5,인물,3,기술
10,비위치드 #5,인생,6,분석 및 해석
10,비위치드 #5,자전거,1,기술
10,비위치드 #5,전통,3,분석 및 해석
10,비위치드 #5,중국,8,기술
10,비위치드 #5,중국집,1,기술
10,비위치드 #5,지위,1,분석 및 해석
10,비위치드 #5,직업,1,분석 및 해석
10,비위치드 #5,차이나타운,1,기술
10,비위치드 #5,촌스러움,2,분석 및 해석
10,비위치드 #5,추억,4,분석 및 해석
10,비위치드 #5,출세,2,분석 및 해석
10,비위치드 #5,패션의 중요성,1,분석 및 해석
10,비위치드 #5,표정이똑같다,1,분석 및 해석
10,비위치드 #5,합성,9,분석 및 해석
11,구두신은 새,갈증,2,분석 및 해석
11,구두신은 새,거울을 보자,1,기술
11,구두신은 새,구두를 신은 새,1,기술
11,구두신은 새,귀여움,3,분석 및 해석
11,구두신은 새,기괴함,5,분석 및 해석
11,구두신은 새,기묘,1,분석 및 해석
11,구두신은 새,기이함,1,분석 및 해석
11,구두신은 새,김연아,1,기술
11,구두신은 새,꼬리,1,기술
11,구두신은 새,꼬마새,1,기술
11,구두신은 새,꽃부리 영감,1,기술
11,구두신은 새,꿈,50,분석 및 해석
11,구두신은 새,나,4,기술
11,구두신은 새,노려봄,1,분석 및 해석
11,구두신은 새,당신은 이미 대가리,1,분석 및 해석
11,구두신은 새,대두,1,기술
11,구두신은 새,독특함,1,분석 및 해석
11,구두신은 새,때묻은 순수함,1,분석 및 해석
11,구두신은 새,똥머리,1,기술
11,구두신은 새,마약,1,기술
11,구두신은 새,만화작가,1,기술
11,구두신은 새,모순,2,분석 및 해석
11,구두신은 새,목마름,2,분석 및 해석
11,구두신은 새,무서움,10,분석 및 해석
11,구두신은 새,물,3,기술
11,구두신은 새,벌,2,기술
11,구두신은 새,병맛,1,분석 및 해석
11,구두신은 새,병아리,2,기술
11,구두신은 새,부리,1,기술
11,구두신은 새,부조화,11,분석 및 해석
11,구두신은 새,부츠,1,기술
11,구두신은 새,삐약삐약,1,분석 및 해석
11,구두신은 새,사람병아리,1,기술
11,구두신은 새,사람새,2,기술
11,구두신은 새,삶,3,분석 및 해석
11,구두신은 새,새,2,기술
11,구두신은 새,새대가리,1,기술
11,구두신은 새,새를입은여자,1,기술
11,구두신은 새,소쩍새,1,기술
11,구두신은 새,수다쟁이,1,기술
11,구두신은 새,심오하다,49,분석 및 해석
11,구두신은 새,아바타,3,기술
11,구두신은 새,아침 얼굴,1,기술
11,구두신은 새,여자,9,기술
11,구두신은 새,여자새,1,기술
11,구두신은 새,연못,2,기술
11,구두신은 새,연약한새,1,기술
11,구두신은 새,외로움,29,분석 및 해석
11,구두신은 새,욕망,2,분석 및 해석
11,구두신은 새,우물,2,기술
11,구두신은 새,우화,1,분석 및 해석
11,구두신은 새,인간새,2,기술
11,구두신은 새,작은새,1,기술
11,구두신은 새,잔소리,1,분석 및 해석
11,구두신은 새,절망,2,분석 및 해석
11,구두신은 새,조두,1,기술
11,구두신은 새,징그러움,8,분석 및 해석
11,구두신은 새,참새 청년,1,기술
11,구두신은 새,치장하다,1,분석 및 해석
11,구두신은 새,타락,1,분석 및 해석
11,구두신은 새,트위티,1,기술
11,구두신은 새,파랑새,1,기술
11,구두신은 새,풀잎꼬리,1,기술
11,구두신은 새,풍자,4,분석 및 해석
11,구두신은 새,하이힐,1,기술
11,구두신은 새,합성,9,분석 및 해석
11,구두신은 새,호기심,6,분석 및 해석
11,구두신은 새,혼합,1,분석 및 해석
12,벽제의 밤-개,강렬함,3,분석 및 해석
12,벽제의 밤-개,개,3,기술
12,벽제의 밤-개,개와늑대의시간,1,기술
12,벽제의 밤-개,개집,1,기술
12,벽제의 밤-개,검붉은,1,기술
12,벽제의 밤-개,겨울밤,1,기술
12,벽제의 밤-개,공포,15,분석 및 해석
12,벽제의 밤-개,괴기,4,분석 및 해석
12,벽제의 밤-개,구름속의 산책,1,분석 및 해석
12,벽제의 밤-개,기억,5,분석 및 해석
12,벽제의 밤-개,꿈,50,분석 및 해석
12,벽제의 밤-개,꿈 속의 고향,1,기술
12,벽제의 밤-개,노을,2,기술
12,벽제의 밤-개,동양,4,기술
12,벽제의 밤-개,두려움의엄습,1,분석 및 해석
12,벽제의 밤-개,램브란트,1,기술
12,벽제의 밤-개,모형,3,기술
12,벽제의 밤-개,무섭다,3,분석 및 해석
12,벽제의 밤-개,무섭지만 사실적인,1,분석 및 해석
12,벽제의 밤-개,밤,2,기술
12,벽제의 밤-개,방화 분위기,1,분석 및 해석
12,벽제의 밤-개,불,5,기술
12,벽제의 밤-개,불꽃,3,기술
12,벽제의 밤-개,불타는 듯한,1,분석 및 해석
12,벽제의 밤-개,불타다,1,분석 및 해석
12,벽제의 밤-개,붉은밤,1,기술
12,벽제의 밤-개,붉음,3,분석 및 해석
12,벽제의 밤-개,산불,4,기술
12,벽제의 밤-개,산불조심,1,분석 및 해석
12,벽제의 밤-개,석양,2,기술
12,벽제의 밤-개,소외,2,분석 및 해석
12,벽제의 밤-개,시골,8,기술
12,벽제의 밤-개,시골집,2,기술
12,벽제의 밤-개,신비,18,분석 및 해석
12,벽제의 밤-개,심오하다,49,분석 및 해석
12,벽제의 밤-개,알래스카,1,기술
12,벽제의 밤-개,어두움,7,분석 및 해석
12,벽제의 밤-개,어두침침,1,분석 및 해석
12,벽제의 밤-개,외로움,29,분석 및 해석
12,벽제의 밤-개,용암,2,기술
12,벽제의 밤-개,원시인,2,기술
12,벽제의 밤-개,으스스,1,분석 및 해석
12,벽제의 밤-개,음침,1,분석 및 해석
12,벽제의 밤-개,이끼,1,기술
12,벽제의 밤-개,이로움,1,분석 및 해석
12,벽제의 밤-개,잔혹한,1,분석 및 해석
12,벽제의 밤-개,재앙,1,분석 및 해석
12,벽제의 밤-개,저녁노을,1,기술
12,벽제의 밤-개,전원,1,기술
12,벽제의 밤-개,지옥,3,기술
12,벽제의 밤-개,지옥의크리스마스,1,분석 및 해석
12,벽제의 밤-개,진돗개,1,기술
12,벽제의 밤-개,첩첩산중,3,분석 및 해석
12,벽제의 밤-개,초현실주의,2,분석 및 해석
12,벽제의 밤-개,포도밭,1,기술
12,벽제의 밤-개,풍경,14,기술
12,벽제의 밤-개,호기심,6,분석 및 해석
12,벽제의 밤-개,화염,2,기술
12,벽제의 밤-개,화재,4,기술
12,벽제의 밤-개,황혼,1,기술
12,벽제의 밤-개,흔적들,1,기술
13,정토,가로수,1,기술
13,정토,가치,1,기술
13,정토,고딕,2,분석 및 해석
13,정토,고사리,1,기술
13,정토,고향밭,1,기술
13,정토,과수원,1,기술
13,정토,극락,1,기술
13,정토,극락영토로 가는 길,1,기술
13,정토,깔끔,3,분석 및 해석
13,정토,꽃밭,1,기술
13,정토,꿈,50,분석 및 해석
13,정토,나무,16,기술
13,정토,나물,1,기술
13,정토,낙원,3,기술
13,정토,농사,1,기술
13,정토,대칭,5,분석 및 해석
13,정토,대칭구성,1,분석 및 해석
13,정토,동양,4,기술
13,정토,동양적,3,분석 및 해석
13,정토,마츄픽츄,1,기술
13,정토,모델하우스,1,기술
13,정토,몽상적,1,분석 및 해석
13,정토,무릉도원,2,기술
13,정토,문양,1,기술
13,정토,민화,2,기술
13,정토,밭,2,기술
13,정토,배산임수,2,기술
13,정토,백일몽,1,분석 및 해석
13,정토,병풍,3,기술
13,정토,북한산,1,기술
13,정토,산,10,기술
13,정토,삽화,2,기술
13,정토,색,4,기술
13,정토,소원,1,분석 및 해석
13,정토,시골,8,기술
13,정토,신비,18,분석 및 해석
13,정토,신비로움,1,분석 및 해석
13,정토,신선세계,2,기술
13,정토,신화,4,기술
13,정토,싫어,1,분석 및 해석
13,정토,심오하다,49,분석 및 해석
13,정토,아프리카,3,기술
13,정토,어울림,1,분석 및 해석
13,정토,예쁘다,12,분석 및 해석
13,정토,오만원,1,기술
13,정토,옥황상제,1,기술
13,정토,왕궁,1,기술
13,정토,외로움,29,분석 및 해석
13,정토,이국적,3,분석 및 해석
13,정토,이상향,2,분석 및 해석
13,정토,이야기꾼,1,기술
13,정토,일러스트,1,기술
13,정토,입체,3,기술
13,정토,전래동화,1,분석 및 해석
13,정토,절,2,기술
13,정토,정원,2,기술
13,정토,종교화,1,분석 및 해석
13,정토,중국,8,기술
13,정토,천상,1,분석 및 해석
13,정토,칼라풀,1,분석 및 해석
13,정토,테두리,1,기술
13,정토,판도라행성,1,기술
13,정토,판타지,3,분석 및 해석
13,정토,평온,3,분석 및 해석
13,정토,풍경,14,기술
13,정토,풍수지리,2,기술
13,정토,프리다칼로,1,기술
13,정토,한국색,1,기술
13,정토,한국화,5,기술
13,정토,환상,9,분석 및 해석
13,정토,환상적,1,분석 및 해석
14,홍익인간,강박,2,분석 및 해석
14,홍익인간,강요,1,분석 및 해석
14,홍익인간,건강,1,분석 및 해석
14,홍익인간,겉과속의변형화,1,분석 및 해석
14,홍익인간,경고,1,분석 및 해석
14,홍익인간,고대와현대,1,기술
14,홍익인간,과정,1,분석 및 해석
14,홍익인간,광고,2,기술
14,홍익인간,광고와현실,1,분석 및 해석
14,홍익인간,괴기,4,분석 및 해석
14,홍익인간,꿈,50,분석 및 해석
14,홍익인간,다산,1,분석 및 해석
14,홍익인간,다이어트,3,기술
14,홍익인간,대조,6,분석 및 해석
14,홍익인간,대중,1,기술
14,홍익인간,돌의비너스,1,기술
14,홍익인간,동맥경화 만들어짐,1,분석 및 해석
14,홍익인간,몸,2,기술
14,홍익인간,몸매,1,기술
14,홍익인간,물질주의,1,분석 및 해석
14,홍익인간,미의 기준,1,분석 및 해석
14,홍익인간,반전,6,분석 및 해석
14,홍익인간,변천사,1,분석 및 해석
14,홍익인간,변화,6,분석 및 해석
14,홍익인간,본질,1,분석 및 해석
14,홍익인간,비너스,1,기술
14,홍익인간,비만,1,분석 및 해석
14,홍익인간,사회적,1,분석 및 해석
14,홍익인간,환상,9,분석 및 해석
14,홍익인간,상징,1,분석 및 해석
14,홍익인간,상품,2,기술
14,홍익인간,상품화,1,분석 및 해석
14,홍익인간,성 상품화,1,분석 및 해석
14,홍익인간,소비,2,분석 및 해석
14,홍익인간,소비문화,1,분석 및 해석
14,홍익인간,시대상,1,기술
14,홍익인간,시대의 변화,1,분석 및 해석
14,홍익인간,심오하다,49,분석 및 해석
14,홍익인간,아름다움,8,분석 및 해석
14,홍익인간,아프리카,3,기술
14,홍익인간,악의 근원,1,분석 및 해석
14,홍익인간,앤디 워홀,2,기술
14,홍익인간,어려움,2,분석 및 해석
14,홍익인간,억압,3,분석 및 해석
14,홍익인간,여성,7,기술
14,홍익인간,여성과 상품,1,분석 및 해석
14,홍익인간,여성비하,1,분석 및 해석
14,홍익인간,여성의아름다움,1,분석 및 해석
14,홍익인간,여성해부,1,분석 및 해석
14,홍익인간,여자,9,기술
14,홍익인간,이미지,2,기술
14,홍익인간,인스턴트,1,분석 및 해석
14,홍익인간,재구성,1,분석 및 해석
14,홍익인간,중독,1,분석 및 해석
14,홍익인간,진화,2,분석 및 해석
14,홍익인간,참신하네요,1,분석 및 해석
14,홍익인간,코카콜라,2,기술
14,홍익인간,코카콜라제로,1,기술
14,홍익인간,콜라,1,기술
14,홍익인간,팝아트,4,기술
14,홍익인간,포스트모더니즘,1,분석 및 해석
14,홍익인간,포유류로써의 인간,1,기술
14,홍익인간,풍자,4,분석 및 해석
14,홍익인간,픽토그램,1,기술
14,홍익인간,필터링,1,분석 및 해석
14,홍익인간,해,2,기술
14,홍익인간,허상,2,분석 및 해석
14,홍익인간,현대사회,2,분석 및 해석
14,홍익인간,현대의비너스,1,기술
15,기억,고뇌하는사람,1,기술
15,기억,고독,11,분석 및 해석
15,기억,공허함,4,분석 및 해석
15,기억,과거,4,기술
15,기억,구석,1,기술
15,기억,기도,3,기술
15,기억,기도,3,기술
15,기억,엄숙,1,분석 및 해석
15,기억,기억,5,분석 및 해석
15,기억,꽃,12,기술
15,기억,꾸벅,1,분석 및 해석
15,기억,나른함,2,분석 및 해석
15,기억,노곤함,1,분석 및 해석
15,기억,노년,1,기술
15,기억,노쇠,1,분석 및 해석
15,기억,노쇠함,1,분석 및 해석
15,기억,노인,2,기술
15,기억,눈,3,기술
15,기억,피곤하겠다,1,분석 및 해석
15,기억,대기만성,1,분석 및 해석
15,기억,대비,8,분석 및 해석
15,기억,독서,1,기술
15,기억,마지막불꽃,1,기술
15,기억,명상,1,기술
15,기억,무섭다,3,분석 및 해석
15,기억,문자보내는 중,1,기술
15,기억,밝음,1,분석 및 해석
15,기억,불빛,2,기술
15,기억,빈 그릇,1,기술
15,기억,빛,9,기술
15,기억,빛과 그림자,2,기술
15,기억,빛과 졸음,1,기술
15,기억,빨간,2,기술
15,기억,아지랑이,1,기술
15,기억,사색,2,분석 및 해석
15,기억,삶과 죽음,1,분석 및 해석
15,기억,생각,2,분석 및 해석
15,기억,섬광,1,분석 및 해석
15,기억,순간,2,분석 및 해석
15,기억,식당,1,기술
15,기억,식사,2,기술
15,기억,아버지,3,기술
15,기억,양초,1,기술
15,기억,어두울때,1,기술
15,기억,빛나는 생각,1,분석 및 해석
15,기억,어머니,4,기술
15,기억,열공,1,분석 및 해석
15,기억,외로움을모르는그녀,1,기술
15,기억,유령,2,기술
15,기억,일본,5,기술
15,기억,일어나요,1,분석 및 해석
15,기억,잠,1,기술
15,기억,장인,1,기술
15,기억,정전,1,분석 및 해석
15,기억,조명,4,기술
15,기억,조용,1,분석 및 해석
15,기억,졸다,1,분석 및 해석
15,기억,졸려,1,분석 및 해석
15,기억,졸려요,1,분석 및 해석
15,기억,졸림,1,분석 및 해석
15,기억,졸음,1,분석 및 해석
15,기억,주경야독,1,분석 및 해석
15,기억,죽음,7,분석 및 해석
15,기억,참회,1,분석 및 해석
15,기억,초,1,기술
15,기억,촛불,1,기술
15,기억,카페,1,기술
15,기억,평생교육,1,분석 및 해석
15,기억,피곤,2,분석 및 해석
15,기억,할머니,1,기술
15,기억,할아버지,2,기술
15,기억,회상,2,분석 및 해석
15,기억,흔들리다,1,분석 및 해석
15,기억,희미한,1,분석 및 해석
16,Still Life-돌구름,고전,3,기술
16,Still Life-돌구름,공간,6,기술
16,Still Life-돌구름,공중부양,2,기술
16,Still Life-돌구름,공허,7,분석 및 해석
16,Still Life-돌구름,공허함,4,분석 및 해석
16,Still Life-돌구름,과거로,1,분석 및 해석
16,Still Life-돌구름,기똥차다,1,분석 및 해석
16,Still Life-돌구름,꼴라쥬,3,기술
16,Still Life-돌구름,꽃,12,기술
16,Still Life-돌구름,꿈,50,분석 및 해석
16,Still Life-돌구름,달리,2,기술
16,Still Life-돌구름,돌,2,기술
16,Still Life-돌구름,돌멩이,1,기술
16,Still Life-돌구름,떠도는돌,1,기술
16,Still Life-돌구름,뜨다,1,기술
16,Still Life-돌구름,르네 마그리트,3,기술
16,Still Life-돌구름,마법,1,분석 및 해석
16,Still Life-돌구름,마법사의돌,1,기술
16,Still Life-돌구름,마술,1,분석 및 해석
16,Still Life-돌구름,무게,2,분석 및 해석
16,Still Life-돌구름,무비판적인,1,분석 및 해석
16,Still Life-돌구름,현실인식,1,분석 및 해석
16,Still Life-돌구름,무중력,1,분석 및 해석
16,Still Life-돌구름,물리학의,1,분석 및 해석
16,Still Life-돌구름,파괴,4,분석 및 해석
16,Still Life-돌구름,바위,2,기술
16,Still Life-돌구름,부양,1,분석 및 해석
16,Still Life-돌구름,부유,1,분석 및 해석
16,Still Life-돌구름,부조화,11,분석 및 해석
16,Still Life-돌구름,분위기,1,분석 및 해석
16,Still Life-돌구름,비현실,4,분석 및 해석
16,Still Life-돌구름,비현실적,2,분석 및 해석
16,Still Life-돌구름,빈,1,분석 및 해석
16,Still Life-돌구름,방,3,기술
16,Still Life-돌구름,성당,2,기술
16,Still Life-돌구름,시간정지,1,분석 및 해석
16,Still Life-돌구름,심오하다,49,분석 및 해석
16,Still Life-돌구름,심플,9,분석 및 해석
16,Still Life-돌구름,아이러니,2,분석 및 해석
16,Still Life-돌구름,염력,1,분석 및 해석
16,Still Life-돌구름,오래된 우주,1,기술
16,Still Life-돌구름,운석,1,기술
16,Still Life-돌구름,원심력,1,분석 및 해석
16,Still Life-돌구름,이탈,1,분석 및 해석
16,Still Life-돌구름,인공구조물,1,기술
16,Still Life-돌구름,일탈,2,분석 및 해석
16,Still Life-돌구름,자연의돌,1,기술
16,Still Life-돌구름,자유,8,분석 및 해석
16,Still Life-돌구름,정지화면,1,분석 및 해석
16,Still Life-돌구름,중력,2,분석 및 해석
16,Still Life-돌구름,중력거부,1,분석 및 해석
16,Still Life-돌구름,중력없음,1,분석 및 해석
16,Still Life-돌구름,착시,3,분석 및 해석
16,Still Life-돌구름,천공의성,1,기술
16,Still Life-돌구름,초현실,1,분석 및 해석
16,Still Life-돌구름,초현실주의,2,분석 및 해석
16,Still Life-돌구름,타임머신,1,분석 및 해석
16,Still Life-돌구름,해리포터,4,기술
16,Still Life-돌구름,허공,1,분석 및 해석
16,Still Life-돌구름,허상의 공간,1,분석 및 해석
17,무제#4- Hidden,고난,2,분석 및 해석
17,무제#4- Hidden,고요한정원,1,기술
17,무제#4- Hidden,공원,1,기술
17,무제#4- Hidden,공주,3,기술
17,무제#4- Hidden,궁금,1,분석 및 해석
17,무제#4- Hidden,금단,1,분석 및 해석
17,무제#4- Hidden,금단의 장소,1,기술
17,무제#4- Hidden,기억하는공간,1,기술
17,무제#4- Hidden,길잃음,1,분석 및 해석
17,무제#4- Hidden,꽃,12,기술
17,무제#4- Hidden,꽃길,1,기술
17,무제#4- Hidden,꿈,50,분석 및 해석
17,무제#4- Hidden,나무,16,기술
17,무제#4- Hidden,낙화,1,분석 및 해석
17,무제#4- Hidden,남과 녀,1,기술
17,무제#4- Hidden,닭장,1,기술
17,무제#4- Hidden,동화,7,분석 및 해석
17,무제#4- Hidden,두려움,5,분석 및 해석
17,무제#4- Hidden,떨어짐,3,분석 및 해석
17,무제#4- Hidden,마법의숲,1,기술
17,무제#4- Hidden,미지의 세계,1,기술
17,무제#4- Hidden,바닥,1,기술
17,무제#4- Hidden,박형근,1,기술
17,무제#4- Hidden,비밀,1,분석 및 해석
17,무제#4- Hidden,비밀 정원,1,기술
17,무제#4- Hidden,비밀기지,1,기술
17,무제#4- Hidden,비밀의 공간,1,기술
17,무제#4- Hidden,비밀의 문,2,기술
17,무제#4- Hidden,비밀의 화원,1,기술
17,무제#4- Hidden,비밀의 숲,1,기술
17,무제#4- Hidden,비밀의정원,1,기술
17,무제#4- Hidden,빨강,5,기술
17,무제#4- Hidden,성으로가는길,1,기술
17,무제#4- Hidden,숲,6,기술
17,무제#4- Hidden,숲속,3,기술
17,무제#4- Hidden,숲속으로 가는 길,1,기술
17,무제#4- Hidden,숲속의 아지트,1,기술
17,무제#4- Hidden,숲속입구,1,기술
17,무제#4- Hidden,시크릿가든,1,기술
17,무제#4- Hidden,신비,18,분석 및 해석
17,무제#4- Hidden,신비로운세계로,1,분석 및 해석
17,무제#4- Hidden,심오하다,49,분석 및 해석
17,무제#4- Hidden,심플,9,분석 및 해석
17,무제#4- Hidden,싱그러움,1,분석 및 해석
17,무제#4- Hidden,쓰레기,2,기술
17,무제#4- Hidden,아름다움,8,분석 및 해석
17,무제#4- Hidden,아이들,1,기술
17,무제#4- Hidden,영국정원,1,기술
17,무제#4- Hidden,예쁘다,12,분석 및 해석
17,무제#4- Hidden,요정,2,기술
17,무제#4- Hidden,은밀,2,분석 및 해석
17,무제#4- Hidden,이불,2,기술
17,무제#4- Hidden,이상한나라의앨리스,3,기술
17,무제#4- Hidden,장막,1,기술
17,무제#4- Hidden,장미,2,기술
17,무제#4- Hidden,정원,2,기술
17,무제#4- Hidden,천,2,기술
17,무제#4- Hidden,탈의실,1,기술
17,무제#4- Hidden,통제된곳,1,기술
17,무제#4- Hidden,피신,1,분석 및 해석
17,무제#4- Hidden,해리포터,4,기술
17,무제#4- Hidden,헨젤과 그레텔,1,기술
17,무제#4- Hidden,호기심,6,분석 및 해석
17,무제#4- Hidden,화성,3,기술
17,무제#4- Hidden,화원,1,기술
17,무제#4- Hidden,화장실,2,기술
17,무제#4- Hidden,환상,9,분석 및 해석
17,무제#4- Hidden,휘날림,1,분석 및 해석
17,무제#4- Hidden,휴식,2,분석 및 해석
17,무제#4- Hidden,흔적,2,분석 및 해석
17,무제#4- Hidden,흥분,1,분석 및 해석
17,무제#4- Hidden,희망,6,분석 및 해석
18,종이부인,가득,1,분석 및 해석
18,종이부인,검소,1,분석 및 해석
18,종이부인,고운,1,분석 및 해석
18,종이부인,고전,3,기술
18,종이부인,과부,1,기술
18,종이부인,꿈,50,분석 및 해석
18,종이부인,납작한,1,분석 및 해석
18,종이부인,단아,1,분석 및 해석
18,종이부인,단아함,2,분석 및 해석
18,종이부인,돌아간 발목,1,기술
18,종이부인,며느리,2,기술
18,종이부인,면,2,기술
18,종이부인,모시,1,기술
18,종이부인,모시 한복,1,기술
18,종이부인,무표정,1,기술
18,종이부인,미미한,1,분석 및 해석
18,종이부인,여리한,1,분석 및 해석
18,종이부인,반투명,1,분석 및 해석
18,종이부인,부조화,11,분석 및 해석
18,종이부인,불편한 자세,1,분석 및 해석
18,종이부인,비례,1,분석 및 해석
18,종이부인,뻣뻣함,1,분석 및 해석
18,종이부인,소박함,1,분석 및 해석
18,종이부인,수수,1,분석 및 해석
18,종이부인,수수함,1,분석 및 해석
18,종이부인,시점,1,분석 및 해석
18,종이부인,신사임당,1,기술
18,종이부인,심오하다,49,분석 및 해석
18,종이부인,아낙,1,기술
18,종이부인,아줌마,1,기술
18,종이부인,어머니,4,기술
18,종이부인,어머님,1,기술
18,종이부인,억압,3,분석 및 해석
18,종이부인,얼굴없는미녀,1,기술
18,종이부인,엄마,2,기술
18,종이부인,여성,7,기술
18,종이부인,여성의 위치,1,기술
18,종이부인,여인,5,기술
18,종이부인,여자,9,기술
18,종이부인,예쁘다,12,분석 및 해석
18,종이부인,옛날,6,기술
18,종이부인,사람,9,기술
18,종이부인,옛날옛적에,1,기술
18,종이부인,외로움,29,분석 및 해석
18,종이부인,요구당함,1,분석 및 해석
18,종이부인,유관순,1,기술
18,종이부인,이집트,1,기술
18,종이부인,인물화,2,기술
18,종이부인,정적임,3,분석 및 해석
18,종이부인,정절,1,분석 및 해석
18,종이부인,조선,2,기술
18,종이부인,조선여인,1,기술
18,종이부인,존재감없음,1,분석 및 해석
18,종이부인,짜집기,1,분석 및 해석
18,종이부인,짝퉁,1,분석 및 해석
18,종이부인,처녀,1,기술
18,종이부인,초연함,1,분석 및 해석
18,종이부인,코리아,1,기술
18,종이부인,한국,3,기술
18,종이부인,한복,2,기술
18,종이부인,한복,2,기술
18,종이부인,여인네,1,기술
18,종이부인,한복여인,1,기술
18,종이부인,한복입은 아낙네,1,기술
18,종이부인,한지공예,1,기술
19,저 너머,고독,11,분석 및 해석
19,저 너머,고딕,2,분석 및 해석
19,저 너머,고민,4,분석 및 해석
19,저 너머,고요,4,분석 및 해석
19,저 너머,고요함,3,분석 및 해석
19,저 너머,고전적임,1,분석 및 해석
19,저 너머,그날의 밤,1,기술
19,저 너머,그리움,6,분석 및 해석
19,저 너머,기다림,3,분석 및 해석
19,저 너머,기도,3,기술
19,저 너머,까마귀,2,기술
19,저 너머,꿈,50,분석 및 해석
19,저 너머,나체,4,기술
19,저 너머,납치,2,분석 및 해석
19,저 너머,너,1,기술
19,저 너머,늑대,1,기술
19,저 너머,늑대의늪,1,기술
19,저 너머,달,1,기술
19,저 너머,달밤,1,기술
19,저 너머,달밤의,1,기술
19,저 너머,그리움,6,분석 및 해석
19,저 너머,달빛,1,기술
19,저 너머,달빛에 물든 풀숲,1,기술
19,저 너머,달새는달만바라본다,1,분석 및 해석
19,저 너머,달이 차오른다,1,분석 및 해석
19,저 너머,대나무,1,기술
19,저 너머,동양,4,기술
19,저 너머,동양적,3,분석 및 해석
19,저 너머,동양화풍,4,기술
19,저 너머,두루마리,1,기술
19,저 너머,둥지,1,기술
19,저 너머,마녀사냥,1,기술
19,저 너머,메밀꽃필무렵,1,기술
19,저 너머,목탄,1,기술
19,저 너머,무덤,1,기술
19,저 너머,바늘,1,기술
19,저 너머,바람,4,기술
19,저 너머,밝은달아,1,기술
19,저 너머,밤,2,기술
19,저 너머,밤풍경,1,기술
19,저 너머,보름달,1,기술
19,저 너머,사연,1,분석 및 해석
19,저 너머,살인,2,분석 및 해석
19,저 너머,생명,4,분석 및 해석
19,저 너머,선비,2,기술
19,저 너머,선의 차이,1,분석 및 해석
19,저 너머,수풀,1,기술
19,저 너머,스산함,1,분석 및 해석
19,저 너머,시골,8,기술
19,저 너머,시골길,1,기술
19,저 너머,시골밤,1,기술
19,저 너머,심오하다,49,분석 및 해석
19,저 너머,심플,9,분석 및 해석
19,저 너머,쓸쓸함,5,분석 및 해석
19,저 너머,아련함,2,분석 및 해석
19,저 너머,야생,2,기술
19,저 너머,어두운,1,분석 및 해석
19,저 너머,어두움,7,분석 및 해석
19,저 너머,염원,1,분석 및 해석
19,저 너머,온난,1,분석 및 해석
19,저 너머,외로움,29,분석 및 해석
19,저 너머,을씨년스럽다,1,분석 및 해석
19,저 너머,일본,5,기술
19,저 너머,자연,7,기술
19,저 너머,적막,4,분석 및 해석
19,저 너머,전설의 고향,1,분석 및 해석
19,저 너머,절대로 못 닿을 정월대보름,1,분석 및 해석
19,저 너머,정월대보름,1,분석 및 해석
19,저 너머,조용함,4,분석 및 해석
19,저 너머,좌절,1,분석 및 해석
19,저 너머,중국,8,기술
19,저 너머,지향,1,분석 및 해석
19,저 너머,차분함,1,분석 및 해석
19,저 너머,처량함,2,분석 및 해석
19,저 너머,철사,1,기술
19,저 너머,청렴,1,분석 및 해석
19,저 너머,추석,1,기술
19,저 너머,충만함,1,분석 및 해석
19,저 너머,판화느낌,1,분석 및 해석
19,저 너머,피리소리,1,분석 및 해석
19,저 너머,현대산수,1,분석 및 해석
19,저 너머,화투,2,분석 및 해석
19,저 너머,황량함,3,분석 및 해석
19,저 너머,회색,1,기술
19,저 너머,흑색,1,기술
20,"Slow, same, #2015",계곡,5,기술
20,"Slow, same, #2015",공허,7,분석 및 해석
20,"Slow, same, #2015",광대함,1,분석 및 해석
20,"Slow, same, #2015",구름,4,기술
20,"Slow, same, #2015",구름폭포,1,기술
20,"Slow, same, #2015",굴곡,2,기술
20,"Slow, same, #2015",굽이치다,1,분석 및 해석
20,"Slow, same, #2015",금강산,1,기술
20,"Slow, same, #2015",금붕어,1,기술
20,"Slow, same, #2015",기하학패턴,1,분석 및 해석
20,"Slow, same, #2015",꽃,12,기술
20,"Slow, same, #2015",꿈,50,분석 및 해석
20,"Slow, same, #2015",대리석,1,기술
20,"Slow, same, #2015",대칭,5,분석 및 해석
20,"Slow, same, #2015",도원,1,기술
20,"Slow, same, #2015",돌산,1,기술
20,"Slow, same, #2015",먹,1,기술
20,"Slow, same, #2015",멋잇음,1,분석 및 해석
20,"Slow, same, #2015",몽상,3,분석 및 해석
20,"Slow, same, #2015",몽유,1,분석 및 해석
20,"Slow, same, #2015",몽유도,1,분석 및 해석
20,"Slow, same, #2015",몽환,3,분석 및 해석
20,"Slow, same, #2015",문범,1,기술
20,"Slow, same, #2015",물결,1,기술
20,"Slow, same, #2015",물살,1,기술
20,"Slow, same, #2015",물소리,1,분석 및 해석
20,"Slow, same, #2015",뭉실뭉실,1,분석 및 해석
20,"Slow, same, #2015",바람,4,기술
20,"Slow, same, #2015",배추,2,기술
20,"Slow, same, #2015",배추도사,1,기술
20,"Slow, same, #2015",볼펜,1,기술
20,"Slow, same, #2015",북극,2,기술
20,"Slow, same, #2015",블루,1,기술
20,"Slow, same, #2015",산,10,기술
20,"Slow, same, #2015",산속,1,기술
20,"Slow, same, #2015",산수,5,기술
20,"Slow, same, #2015",산수너머,1,기술
20,"Slow, same, #2015",산수화,5,기술
20,"Slow, same, #2015",생각보따리,1,분석 및 해석
20,"Slow, same, #2015",설산,1,기술
20,"Slow, same, #2015",소용돌이,1,분석 및 해석
20,"Slow, same, #2015",손가락질,1,분석 및 해석
20,"Slow, same, #2015",시원함,6,분석 및 해석
20,"Slow, same, #2015",시퍼런,1,기술
20,"Slow, same, #2015",신비,18,분석 및 해석
20,"Slow, same, #2015",신선,2,분석 및 해석
20,"Slow, same, #2015",심오하다,49,분석 및 해석
20,"Slow, same, #2015",아름다움,8,분석 및 해석
20,"Slow, same, #2015",아이스크림,1,기술
20,"Slow, same, #2015",아크릴판,1,기술
20,"Slow, same, #2015",양배추,1,기술
20,"Slow, same, #2015",오일스틱,1,기술
20,"Slow, same, #2015",외로움,29,분석 및 해석
20,"Slow, same, #2015",용솟음,1,분석 및 해석
20,"Slow, same, #2015",우연의 일치,1,분석 및 해석
20,"Slow, same, #2015",움직임,1,분석 및 해석
20,"Slow, same, #2015",유령들,1,기술
20,"Slow, same, #2015",이브클랭,1,기술
20,"Slow, same, #2015",이상의공간,1,기술
20,"Slow, same, #2015",일그러짐,2,분석 및 해석
20,"Slow, same, #2015",잉크,1,기술
20,"Slow, same, #2015",자연의힘,1,분석 및 해석
20,"Slow, same, #2015",자유,8,분석 및 해석
20,"Slow, same, #2015",절벽,3,기술
20,"Slow, same, #2015",진경산수화,1,기술
20,"Slow, same, #2015",차가움,4,분석 및 해석
20,"Slow, same, #2015",차갑다,1,분석 및 해석
20,"Slow, same, #2015",착시현상,1,분석 및 해석
20,"Slow, same, #2015",청산에 살어리랏다,1,분석 및 해석
20,"Slow, same, #2015",청초,1,분석 및 해석
20,"Slow, same, #2015",추락하는,1,분석 및 해석
20,"Slow, same, #2015",물,3,기술
20,"Slow, same, #2015",추상화,1,기술
20,"Slow, same, #2015",쾌청한,1,분석 및 해석
20,"Slow, same, #2015",클라인블루,1,기술
20,"Slow, same, #2015",파도,2,기술
20,"Slow, same, #2015",파랑,4,기술
20,"Slow, same, #2015",폭포,2,기술
20,"Slow, same, #2015",폭포수,1,기술
20,"Slow, same, #2015",푸른절경,1,기술
20,"Slow, same, #2015",피어난다,1,분석 및 해석
20,"Slow, same, #2015",하늘,9,기술
21,정원,관광,1,기술
21,정원,광선,1,기술
21,정원,괴기,4,분석 및 해석
21,정원,기괴함,5,분석 및 해석
21,정원,꿈,50,분석 및 해석
21,정원,꿈에,1,분석 및 해석
21,정원,나무,16,기술
21,정원,네거티브,1,기술
21,정원,네거티브효과,1,기술
21,정원,단풍,4,기술
21,정원,대비,8,분석 및 해석
21,정원,독,1,분석 및 해석
21,정원,동양화,3,기술
21,정원,동양화풍,4,기술
21,정원,몽환,3,분석 및 해석
21,정원,몽환적,3,분석 및 해석
21,정원,미래주의,1,분석 및 해석
21,정원,반전,6,분석 및 해석
21,정원,반전의마력,1,분석 및 해석
21,정원,반전효과,1,기술
21,정원,번진효과,1,기술
21,정원,벚꽃,2,기술
21,정원,보라빛,1,기술
21,정원,산,10,기술
21,정원,복합,1,분석 및 해석
21,정원,부채,1,기술
21,정원,불타는산,1,기술
21,정원,불편,1,분석 및 해석
21,정원,삐죽삐죽,1,분석 및 해석
21,정원,사진,14,기술
21,정원,사탕,1,기술
21,정원,산,10,기술
21,정원,산불,4,기술
21,정원,색,4,기술
21,정원,색반전,1,기술
21,정원,셀로판지,1,기술
21,정원,소나무,2,기술
21,정원,소름끼치는,1,분석 및 해석
21,정원,색,4,기술
21,정원,소멸,1,분석 및 해석
21,정원,숲,6,기술
21,정원,신비,18,분석 및 해석
21,정원,신비롭다,1,분석 및 해석
21,정원,신세계,2,분석 및 해석
21,정원,심오하다,49,분석 및 해석
21,정원,영혼,1,분석 및 해석
21,정원,옛스러움,1,분석 및 해석
21,정원,오감도,1,분석 및 해석
21,정원,외로움,29,분석 및 해석
21,정원,위화감,1,분석 및 해석
21,정원,일색,1,분석 및 해석
21,정원,전망,1,분석 및 해석
21,정원,중의적,1,분석 및 해석
21,정원,차가움,4,분석 및 해석
21,정원,천국,3,기술
21,정원,천박한,1,분석 및 해석
21,정원,축제,3,기술
21,정원,포토샵,1,기술
21,정원,폭발,2,기술
21,정원,풍경화,2,기술
21,정원,피바다,1,기술
21,정원,필름,1,기술
21,정원,해저식물,1,기술
21,정원,현란함,1,분석 및 해석
21,정원,형형색색,1,기술
21,정원,호랑이,3,기술
21,정원,화려,3,분석 및 해석
22,푸른운동회(가라사대),가뭄,2,분석 및 해석
22,푸른운동회(가라사대),개미,1,기술
22,푸른운동회(가라사대),개미떼,1,기술
22,푸른운동회(가라사대),개미마을,1,기술
22,푸른운동회(가라사대),개미집,1,기술
22,푸른운동회(가라사대),고릴라들,1,기술
22,푸른운동회(가라사대),곤충,1,기술
22,푸른운동회(가라사대),구름,4,기술
22,푸른운동회(가라사대),군상,1,기술
22,푸른운동회(가라사대),근질근질,1,분석 및 해석
22,푸른운동회(가라사대),꼬물꼬물,1,분석 및 해석
22,푸른운동회(가라사대),꿈,50,분석 및 해석
22,푸른운동회(가라사대),난장이,1,기술
22,푸른운동회(가라사대),놀이터,2,기술
22,푸른운동회(가라사대),놈,1,기술
22,푸른운동회(가라사대),다양한,1,기술
22,푸른운동회(가라사대),다양한동작,1,기술
22,푸른운동회(가라사대),단체,1,기술
22,푸른운동회(가라사대),동양화풍,4,기술
22,푸른운동회(가라사대),동일함,2,분석 및 해석
22,푸른운동회(가라사대),두려움,5,분석 및 해석
22,푸른운동회(가라사대),맘껏뛰놀아,1,기술
22,푸른운동회(가라사대),미로,2,기술
22,푸른운동회(가라사대),미물,1,기술
22,푸른운동회(가라사대),바퀴벌레,1,기술
22,푸른운동회(가라사대),반복,2,분석 및 해석
22,푸른운동회(가라사대),벌레,2,기술
22,푸른운동회(가라사대),벌레.개미.사람.,1,기술
22,푸른운동회(가라사대),벌레들,1,기술
22,푸른운동회(가라사대),비인간성,1,분석 및 해석
22,푸른운동회(가라사대),사람,9,기술
22,푸른운동회(가라사대),사막,3,기술
22,푸른운동회(가라사대),산책,1,기술
22,푸른운동회(가라사대),소림사,1,기술
22,푸른운동회(가라사대),술래잡기,1,기술
22,푸른운동회(가라사대),신생아,1,기술
22,푸른운동회(가라사대),심오하다,49,분석 및 해석
22,푸른운동회(가라사대),씨,1,기술
22,푸른운동회(가라사대),씨앗,2,기술
22,푸른운동회(가라사대),아기,2,기술
22,푸른운동회(가라사대),아기자기,1,분석 및 해석
22,푸른운동회(가라사대),아이들의 제국,1,기술
22,푸른운동회(가라사대),애기와 벌레,1,기술
22,푸른운동회(가라사대),역동적,1,분석 및 해석
22,푸른운동회(가라사대),운동회,1,기술
22,푸른운동회(가라사대),인간사,2,분석 및 해석
22,푸른운동회(가라사대),인구분포,1,분석 및 해석
22,푸른운동회(가라사대),인연찾기,1,기술
22,푸른운동회(가라사대),정자,1,기술
22,푸른운동회(가라사대),죽음,7,분석 및 해석
22,푸른운동회(가라사대),지구,2,기술
22,푸른운동회(가라사대),징그러움,8,분석 및 해석
22,푸른운동회(가라사대),징그러워,2,분석 및 해석
22,푸른운동회(가라사대),징그럽다,1,분석 및 해석
22,푸른운동회(가라사대),체육대회,1,기술
22,푸른운동회(가라사대),축제,3,기술
22,푸른운동회(가라사대),콩팥,1,기술
22,푸른운동회(가라사대),태아,2,기술
22,푸른운동회(가라사대),태양,2,기술
22,푸른운동회(가라사대),태초의 신비,1,분석 및 해석
22,푸른운동회(가라사대),푸른 운동회,1,기술
22,푸른운동회(가라사대),하늘,9,기술
22,푸른운동회(가라사대),황량,1,분석 및 해석
22,푸른운동회(가라사대),흐물흐물,1,분석 및 해석
23,팝콘시리즈,강인함,1,분석 및 해석
23,팝콘시리즈,개나리,1,기술
23,팝콘시리즈,개화,1,기술
23,팝콘시리즈,겨울,7,기술
23,팝콘시리즈,겨울나무,1,기술
23,팝콘시리즈,구름낀,1,기술
23,팝콘시리즈,하얀,1,기술
23,팝콘시리즈,웃음,2,분석 및 해석
23,팝콘시리즈,극장,1,기술
23,팝콘시리즈,기다리다,2,분석 및 해석
23,팝콘시리즈,기다림,3,분석 및 해석
23,팝콘시리즈,꽃,12,기술
23,팝콘시리즈,꽃나무,1,기술
23,팝콘시리즈,꽃눈,1,기술
23,팝콘시리즈,꽃샘추위,1,분석 및 해석
23,팝콘시리즈,끊어져도 이어지다,1,분석 및 해석
23,팝콘시리즈,나무,16,기술
23,팝콘시리즈,나무가지,1,기술
23,팝콘시리즈,널속이기,1,분석 및 해석
23,팝콘시리즈,눈,3,기술
23,팝콘시리즈,눈꽃,1,기술
23,팝콘시리즈,눈꽃밥풀,1,기술
23,팝콘시리즈,따스함,2,분석 및 해석
23,팝콘시리즈,매화,1,기술
23,팝콘시리즈,먹을수있는꽃,1,기술
23,팝콘시리즈,밥풀,2,기술
23,팝콘시리즈,배꽃,1,기술
23,팝콘시리즈,벚꽃,2,기술
23,팝콘시리즈,벚꽃핀 나뭇가지,1,기술
23,팝콘시리즈,벚나무,1,기술
23,팝콘시리즈,벛꽃,1,기술
23,팝콘시리즈,봄,4,기술
23,팝콘시리즈,봄이왔네,1,분석 및 해석
23,팝콘시리즈,순수함,2,분석 및 해석
23,팝콘시리즈,시작,2,분석 및 해석
23,팝콘시리즈,심오하다,49,분석 및 해석
23,팝콘시리즈,어긋남,2,분석 및 해석
23,팝콘시리즈,연작 영화,1,분석 및 해석
23,팝콘시리즈,온실,1,분석 및 해석
23,팝콘시리즈,외로움,29,분석 및 해석
23,팝콘시리즈,웰컴투동막골,1,분석 및 해석
23,팝콘시리즈,장난,2,분석 및 해석
23,팝콘시리즈,재료,1,분석 및 해석
23,팝콘시리즈,조형물,3,기술
23,팝콘시리즈,조화,6,분석 및 해석
23,팝콘시리즈,지조있는,1,분석 및 해석
23,팝콘시리즈,진실,3,분석 및 해석
23,팝콘시리즈,짤림,1,분석 및 해석
23,팝콘시리즈,창문,3,기술
23,팝콘시리즈,초봄,1,기술
23,팝콘시리즈,추움,3,분석 및 해석
23,팝콘시리즈,추위,1,분석 및 해석
23,팝콘시리즈,톡톡톡,1,분석 및 해석
23,팝콘시리즈,팝콘,3,기술
23,팝콘시리즈,팝콘,3,기술
23,팝콘시리즈,꽃,12,기술
23,팝콘시리즈,팝콘나무,1,기술
23,팝콘시리즈,황량한,1,분석 및 해석
23,팝콘시리즈,봄,4,기술
23,팝콘시리즈,회색이 지다,1,분석 및 해석
23,팝콘시리즈,희망,6,분석 및 해석
24,물위에,고뇌,2,분석 및 해석
24,물위에,고독,11,분석 및 해석
24,물위에,고독한,1,분석 및 해석
24,물위에,고민,4,분석 및 해석
24,물위에,귀신,3,기술
24,물위에,그런다고나와같겠냐,1,분석 및 해석
24,물위에,그림자의,1,기술
24,물위에,그림자,3,기술
24,물위에,극사실주의,1,기술
24,물위에,기괴,7,분석 및 해석
24,물위에,까까머리,1,기술
24,물위에,꼴라쥬,3,기술
24,물위에,꿈,50,분석 및 해석
24,물위에,나,4,기술
24,물위에,나는누구,1,분석 및 해석
24,물위에,나르시스트,1,분석 및 해석
24,물위에,나르시시즘,1,분석 및 해석
24,물위에,나르시즘,1,분석 및 해석
24,물위에,남자,5,기술
24,물위에,내면,1,분석 및 해석
24,물위에,내면과 조우하다,1,분석 및 해석
24,물위에,내면의 의식,1,분석 및 해석
24,물위에,내면의나,1,분석 및 해석
24,물위에,내안의나,1,분석 및 해석
24,물위에,너자신을알라,1,분석 및 해석
24,물위에,뇌,1,기술
24,물위에,대칭,5,분석 및 해석
24,물위에,데칼코마니,1,기술
24,물위에,도플갱어,1,기술
24,물위에,두 손의 만남,1,분석 및 해석
24,물위에,두뇌,1,기술
24,물위에,두상,2,기술
24,물위에,만남,2,분석 및 해석
24,물위에,명암,3,기술
24,물위에,목욕,1,기술
24,물위에,반사,2,분석 및 해석
24,물위에,번뇌,1,분석 및 해석
24,물위에,빛,9,기술
24,물위에,사람,9,기술
24,물위에,사색,2,분석 및 해석
24,물위에,삿대질,1,분석 및 해석
24,물위에,생각하는 사람,1,기술
24,물위에,서로를비추고있는,1,기술
24,물위에,수묵,2,기술
24,물위에,어둠,4,분석 및 해석
24,물위에,얼굴,4,기술
24,물위에,얼음,1,기술
24,물위에,연못,2,기술
24,물위에,왜곡,4,분석 및 해석
24,물위에,우리,1,기술
24,물위에,우물,2,기술
24,물위에,이중성,4,분석 및 해석
24,물위에,이해,1,분석 및 해석
24,물위에,인물,3,기술
24,물위에,자괴감,1,분석 및 해석
24,물위에,자기성찰,1,분석 및 해석
24,물위에,자아,2,분석 및 해석
24,물위에,자아에 대한 고뇌,1,분석 및 해석
24,물위에,자아인식,1,분석 및 해석
24,물위에,자책,1,분석 및 해석
24,물위에,자화상,2,분석 및 해석
24,물위에,자화자찬,1,분석 및 해석
24,물위에,죽음,7,분석 및 해석
24,물위에,징그러움,8,분석 및 해석
24,물위에,특별하지 않음,1,분석 및 해석
24,물위에,해골,3,기술
24,물위에,호수,4,기술
24,물위에,화해,1,분석 및 해석
25,사이드스케이프-바로셀로나2007년6월1일,가려짐,1,기술
25,사이드스케이프-바로셀로나2007년6월1일,가면,1,기술
25,사이드스케이프-바로셀로나2007년6월1일,고민,4,분석 및 해석
25,사이드스케이프-바로셀로나2007년6월1일,괴리감,1,분석 및 해석
25,사이드스케이프-바로셀로나2007년6월1일,교수형,1,기술
25,사이드스케이프-바로셀로나2007년6월1일,교수형단절,1,기술
25,사이드스케이프-바로셀로나2007년6월1일,기괴,7,분석 및 해석
25,사이드스케이프-바로셀로나2007년6월1일,남자뒷태,1,기술
25,사이드스케이프-바로셀로나2007년6월1일,납치,2,분석 및 해석
25,사이드스케이프-바로셀로나2007년6월1일,노동자,2,기술
25,사이드스케이프-바로셀로나2007년6월1일,단절,3,분석 및 해석
25,사이드스케이프-바로셀로나2007년6월1일,뒤태미인,1,기술
25,사이드스케이프-바로셀로나2007년6월1일,뒷모습,2,기술
25,사이드스케이프-바로셀로나2007년6월1일,뒷모습의 얼굴,1,기술
25,사이드스케이프-바로셀로나2007년6월1일,뒷태,1,기술
25,사이드스케이프-바로셀로나2007년6월1일,마그리트,1,기술
25,사이드스케이프-바로셀로나2007년6월1일,마주함,1,분석 및 해석
25,사이드스케이프-바로셀로나2007년6월1일,모정,1,분석 및 해석
25,사이드스케이프-바로셀로나2007년6월1일,무서움,10,분석 및 해석
25,사이드스케이프-바로셀로나2007년6월1일,무서워,3,분석 및 해석
25,사이드스케이프-바로셀로나2007년6월1일,무자아,1,분석 및 해석
25,사이드스케이프-바로셀로나2007년6월1일,보지못하겠지,1,분석 및 해석
25,사이드스케이프-바로셀로나2007년6월1일,보자기,1,기술
25,사이드스케이프-바로셀로나2007년6월1일,볼드모트,1,기술
25,사이드스케이프-바로셀로나2007년6월1일,분리,2,분석 및 해석
25,사이드스케이프-바로셀로나2007년6월1일,불확정성,1,분석 및 해석
25,사이드스케이프-바로셀로나2007년6월1일,사형,1,기술
25,사이드스케이프-바로셀로나2007년6월1일,사형수,1,기술
25,사이드스케이프-바로셀로나2007년6월1일,사형수의모습,1,기술
25,사이드스케이프-바로셀로나2007년6월1일,상실,1,분석 및 해석
25,사이드스케이프-바로셀로나2007년6월1일,수건쓴남자,1,기술
25,사이드스케이프-바로셀로나2007년6월1일,수녀,1,기술
25,사이드스케이프-바로셀로나2007년6월1일,수도,2,기술
25,사이드스케이프-바로셀로나2007년6월1일,스카프,1,기술
25,사이드스케이프-바로셀로나2007년6월1일,슬픔,6,분석 및 해석
25,사이드스케이프-바로셀로나2007년6월1일,신비감,1,분석 및 해석
25,사이드스케이프-바로셀로나2007년6월1일,심오하다,49,분석 및 해석
25,사이드스케이프-바로셀로나2007년6월1일,심플,9,분석 및 해석
25,사이드스케이프-바로셀로나2007년6월1일,앞뒤,1,기술
25,사이드스케이프-바로셀로나2007년6월1일,어느처녀,1,기술
25,사이드스케이프-바로셀로나2007년6월1일,어두움,7,분석 및 해석
25,사이드스케이프-바로셀로나2007년6월1일,어머니,4,기술
25,사이드스케이프-바로셀로나2007년6월1일,엄마,2,기술
25,사이드스케이프-바로셀로나2007년6월1일,여인,5,기술
25,사이드스케이프-바로셀로나2007년6월1일,여행,4,기술
25,사이드스케이프-바로셀로나2007년6월1일,외로움,29,분석 및 해석
25,사이드스케이프-바로셀로나2007년6월1일,우울함,2,분석 및 해석
25,사이드스케이프-바로셀로나2007년6월1일,의심,1,분석 및 해석
25,사이드스케이프-바로셀로나2007년6월1일,이질감,2,분석 및 해석
25,사이드스케이프-바로셀로나2007년6월1일,익명,1,분석 및 해석
25,사이드스케이프-바로셀로나2007년6월1일,인질,1,기술
25,사이드스케이프-바로셀로나2007년6월1일,장르,1,분석 및 해석
25,사이드스케이프-바로셀로나2007년6월1일,절망,2,분석 및 해석
25,사이드스케이프-바로셀로나2007년6월1일,정체불명,1,분석 및 해석
25,사이드스케이프-바로셀로나2007년6월1일,죽음,7,분석 및 해석
25,사이드스케이프-바로셀로나2007년6월1일,참수,1,분석 및 해석
25,사이드스케이프-바로셀로나2007년6월1일,한탄,1,분석 및 해석
25,사이드스케이프-바로셀로나2007년6월1일,형상,1,분석 및 해석
25,사이드스케이프-바로셀로나2007년6월1일,호기심,6,분석 및 해석
25,사이드스케이프-바로셀로나2007년6월1일,흰 머플러한 여인,1,기술
25,사이드스케이프-바로셀로나2007년6월1일,히잡,1,기술
26,임야도,개발,1,기술
26,임야도,고난,2,분석 및 해석
26,임야도,고난의산,1,기술
26,임야도,고독,11,분석 및 해석
26,임야도,관조,1,분석 및 해석
26,임야도,구수함,1,분석 및 해석
26,임야도,국적불명,1,분석 및 해석
26,임야도,꿈,50,분석 및 해석
26,임야도,나무심자,1,기술
26,임야도,낮,1,기술
26,임야도,논,1,기술
26,임야도,논과밭,1,기술
26,임야도,논밭,2,기술
26,임야도,농촌,2,기술
26,임야도,돌아올 수 없는 과거,1,기술
26,임야도,동양화풍,4,기술
26,임야도,들판,1,기술
26,임야도,땅,3,기술
26,임야도,망가진 산,1,기술
26,임야도,밭,2,기술
26,임야도,민둥산,2,기술
26,임야도,벌거숭이산,1,기술
26,임야도,봄,4,기술
26,임야도,붉은산,2,기술
26,임야도,빛바램,2,분석 및 해석
26,임야도,사라지다,1,분석 및 해석
26,임야도,사람,9,기술
26,임야도,산,10,기술
26,임야도,산들,1,기술
26,임야도,산등성이,1,기술
26,임야도,산불 그 뒤,1,기술
26,임야도,산수,5,기술
26,임야도,산풍경,1,기술
26,임야도,시골마을,2,기술
26,임야도,심오하다,49,분석 및 해석
26,임야도,쓸쓸함,5,분석 및 해석
26,임야도,아쉬움,1,분석 및 해석
26,임야도,여름,2,분석 및 해석
26,임야도,여유,3,분석 및 해석
26,임야도,외로움,29,분석 및 해석
26,임야도,우리집,1,기술
26,임야도,인간,4,기술
26,임야도,전근대화,1,분석 및 해석
26,임야도,자연,7,기술
26,임야도,전원풍경,1,기술
26,임야도,전통적,1,분석 및 해석
26,임야도,조선,2,기술
26,임야도,조화,6,분석 및 해석
26,임야도,지도,2,기술
26,임야도,토지,1,기술
26,임야도,초여름,1,기술
26,임야도,평온,3,분석 및 해석
26,임야도,평화로운농촌마을,1,분석 및 해석
26,임야도,풍경,14,기술
26,임야도,풍경화,2,기술
26,임야도,풍수지리,2,기술
26,임야도,한국,3,기술
26,임야도,한국화,5,기술
26,임야도,한적함,1,분석 및 해석
26,임야도,향토적,1,분석 및 해석
27,산,교과서의추억,1,분석 및 해석
27,산,깔끔,3,분석 및 해석
27,산,꽃잎,1,기술
27,산,꿈,50,분석 및 해석
27,산,나무,16,기술
27,산,날카로움,2,분석 및 해석
27,산,넘사벽,1,분석 및 해석
27,산,단순,1,분석 및 해석
27,산,단순함,1,분석 및 해석
27,산,단풍,4,기술
27,산,닭,1,기술
27,산,닭벼슬,1,기술
27,산,동화책,1,분석 및 해석
27,산,돛단배,1,기술
27,산,디자인,2,분석 및 해석
27,산,땅속,1,기술
27,산,괴물,4,기술
27,산,리본,1,기술
27,산,명쾌함,1,분석 및 해석
27,산,모빌,1,기술
27,산,묽은산,1,기술
27,산,벼슬,1,기술
27,산,불,5,기술
27,산,불꽃,3,기술
27,산,불난 산,2,기술
27,산,붉은산,2,기술
27,산,빨간산,1,기술
27,산,빨강,5,기술
27,산,뾰족뾰족,1,분석 및 해석
27,산,뾰족함,2,분석 및 해석
27,산,뿔,1,기술
27,산,사막,3,기술
27,산,사막과수박,1,기술
27,산,사선,2,기술
27,산,산,10,기술
27,산,산봉우리,1,기술
27,산,산불,4,기술
27,산,삼각산,1,기술
27,산,삼각형,1,기술
27,산,상어,2,기술
27,산,지느러미,1,기술
27,산,소방차,1,기술
27,산,수박,2,기술
27,산,수평선,2,기술
27,산,시드니,1,기술
27,산,심오하다,49,분석 및 해석
27,산,악마치아,1,기술
27,산,압도,3,분석 및 해석
27,산,여성,7,기술
27,산,예쁘다,12,분석 및 해석
27,산,오려붙이기,1,분석 및 해석
27,산,오페라 하우스,1,기술
27,산,요트,1,기술
27,산,용가리,1,기술
27,산,이빨,1,기술
27,산,일출,1,기술
27,산,적색,1,기술
27,산,조각,4,기술
27,산,조형,1,기술
27,산,종이산,2,기술
27,산,죠스,1,기술
27,산,지옥불,2,기술
27,산,직선,1,기술
27,산,초크,1,기술
27,산,추상,3,분석 및 해석
27,산,칼날,2,기술
27,산,코뿔소,1,기술
27,산,포스터,2,기술
27,산,화산,4,기술
27,산,화산재,1,기술
27,산,화염,2,기술
27,산,화재,4,기술
28,서서 오줌누기,감각적,1,분석 및 해석
28,서서 오줌누기,거부감,2,분석 및 해석
28,서서 오줌누기,거세,1,분석 및 해석
28,서서 오줌누기,경계,4,분석 및 해석
28,서서 오줌누기,경계를허물다,1,분석 및 해석
28,서서 오줌누기,고정관념,2,분석 및 해석
28,서서 오줌누기,공포,15,분석 및 해석
28,서서 오줌누기,공허,7,분석 및 해석
28,서서 오줌누기,과감성,1,분석 및 해석
28,서서 오줌누기,교육,1,분석 및 해석
28,서서 오줌누기,기분,1,분석 및 해석
28,서서 오줌누기,나쁨,1,분석 및 해석
28,서서 오줌누기,꽃,12,기술
28,서서 오줌누기,끈,1,기술
28,서서 오줌누기,나체,4,기술
28,서서 오줌누기,나체,4,기술
28,서서 오줌누기,여성,7,기술
28,서서 오줌누기,여성,7,기술
28,서서 오줌누기,남녀평등,1,분석 및 해석
28,서서 오줌누기,남성화,1,분석 및 해석
28,서서 오줌누기,남자화장실의붕괴,1,분석 및 해석
28,서서 오줌누기,누드,3,기술
28,서서 오줌누기,다이어트,3,기술
28,서서 오줌누기,당당함,1,분석 및 해석
28,서서 오줌누기,당혹,1,분석 및 해석
28,서서 오줌누기,대담함,1,분석 및 해석
28,서서 오줌누기,대박,1,분석 및 해석
28,서서 오줌누기,더러움,3,분석 및 해석
28,서서 오줌누기,몸,2,기술
28,서서 오줌누기,묘함,1,분석 및 해석
28,서서 오줌누기,무례,1,분석 및 해석
28,서서 오줌누기,무서움,10,분석 및 해석
28,서서 오줌누기,미와추,1,분석 및 해석
28,서서 오줌누기,민망,1,분석 및 해석
28,서서 오줌누기,민망함,1,분석 및 해석
28,서서 오줌누기,발상,1,분석 및 해석
28,서서 오줌누기,방뇨,1,기술
28,서서 오줌누기,변태성욕,1,분석 및 해석
28,서서 오줌누기,변태적인,1,분석 및 해석
28,서서 오줌누기,복근,2,기술
28,서서 오줌누기,부조화,11,분석 및 해석
28,서서 오줌누기,분출,1,분석 및 해석
28,서서 오줌누기,불쾌함,3,분석 및 해석
28,서서 오줌누기,비현실,4,분석 및 해석
28,서서 오줌누기,사진,14,기술
28,서서 오줌누기,생머리,1,기술
28,서서 오줌누기,샤워,1,기술
28,서서 오줌누기,섹슈얼리티,1,분석 및 해석
28,서서 오줌누기,소변,1,기술
28,서서 오줌누기,시원함,6,분석 및 해석
28,서서 오줌누기,신비,18,분석 및 해석
28,서서 오줌누기,신체,1,기술
28,서서 오줌누기,싫다,1,분석 및 해석
28,서서 오줌누기,아름다움,8,분석 및 해석
28,서서 오줌누기,억압,3,분석 및 해석
28,서서 오줌누기,얼굴,4,기술
28,서서 오줌누기,얼굴없는여자,1,기술
28,서서 오줌누기,여성,7,기술
28,서서 오줌누기,여성성을허물다,1,분석 및 해석
28,서서 오줌누기,여성속의 남성,1,기술
28,서서 오줌누기,여인,5,기술
28,서서 오줌누기,여자,9,기술
28,서서 오줌누기,여장 남자,1,기술
28,서서 오줌누기,오줌,1,기술
28,서서 오줌누기,외설,2,분석 및 해석
28,서서 오줌누기,욕구,1,분석 및 해석
28,서서 오줌누기,용기,1,분석 및 해석
28,서서 오줌누기,웃기면서도 야한,1,분석 및 해석
28,서서 오줌누기,음란,1,분석 및 해석
28,서서 오줌누기,음모,1,분석 및 해석
28,서서 오줌누기,일본,5,기술
28,서서 오줌누기,일탈,2,분석 및 해석
28,서서 오줌누기,자연,7,기술
28,서서 오줌누기,자연그대로의편안함,1,분석 및 해석
28,서서 오줌누기,자연스러움,1,분석 및 해석
28,서서 오줌누기,자연의부름,1,분석 및 해석
28,서서 오줌누기,자유,8,분석 및 해석
28,서서 오줌누기,장벽,2,기술
28,서서 오줌누기,저질,1,분석 및 해석
28,서서 오줌누기,제발,1,분석 및 해석
28,서서 오줌누기,준남성화,1,분석 및 해석
28,서서 오줌누기,중성,1,분석 및 해석
28,서서 오줌누기,착각,1,분석 및 해석
28,서서 오줌누기,충격,2,분석 및 해석
28,서서 오줌누기,토르소,1,기술
28,서서 오줌누기,파격,1,분석 및 해석
28,서서 오줌누기,퍼포먼스,1,기술
28,서서 오줌누기,페미니즘,1,분석 및 해석
28,서서 오줌누기,편견,1,분석 및 해석
28,서서 오줌누기,포르노,1,분석 및 해석
28,서서 오줌누기,해방,1,분석 및 해석
28,서서 오줌누기,해소,2,분석 및 해석
28,서서 오줌누기,헤어누드,1,기술
28,서서 오줌누기,혐오,1,분석 및 해석
28,서서 오줌누기,흑백사진,2,기술
29,기하학적 칼 드로잉,강렬함,3,분석 및 해석
29,기하학적 칼 드로잉,구름,4,기술
29,기하학적 칼 드로잉,꽃,12,기술
29,기하학적 칼 드로잉,꿈,50,분석 및 해석
29,기하학적 칼 드로잉,꿈틀,1,분석 및 해석
29,기하학적 칼 드로잉,끓어오름,1,분석 및 해석
29,기하학적 칼 드로잉,난해함,1,분석 및 해석
29,기하학적 칼 드로잉,녹다,1,기술
29,기하학적 칼 드로잉,녹아내리다,1,기술
29,기하학적 칼 드로잉,녹아내림,1,기술
29,기하학적 칼 드로잉,다색,1,기술
29,기하학적 칼 드로잉,단풍,4,기술
29,기하학적 칼 드로잉,뜨거움,1,분석 및 해석
29,기하학적 칼 드로잉,레인보우샤베트,1,기술
29,기하학적 칼 드로잉,롤케잌,1,기술
29,기하학적 칼 드로잉,마블링,1,기술
29,기하학적 칼 드로잉,매직아이,2,기술
29,기하학적 칼 드로잉,매혹,1,분석 및 해석
29,기하학적 칼 드로잉,변동,1,분석 및 해석
29,기하학적 칼 드로잉,불,5,기술
29,기하학적 칼 드로잉,불꽃,3,기술
29,기하학적 칼 드로잉,불난 산,2,기술
29,기하학적 칼 드로잉,불탄다,1,기술
29,기하학적 칼 드로잉,불화산,1,기술
29,기하학적 칼 드로잉,붉음,3,분석 및 해석
29,기하학적 칼 드로잉,빨강,5,기술
29,기하학적 칼 드로잉,빨갛다,1,기술
29,기하학적 칼 드로잉,산,10,기술
29,기하학적 칼 드로잉,산맥,3,기술
29,기하학적 칼 드로잉,산불,4,기술
29,기하학적 칼 드로잉,색채,3,기술
29,기하학적 칼 드로잉,생일케이크,1,기술
29,기하학적 칼 드로잉,세련,1,분석 및 해석
29,기하학적 칼 드로잉,손,1,기술
29,기하학적 칼 드로잉,승리,3,분석 및 해석
29,기하학적 칼 드로잉,심오하다,49,분석 및 해석
29,기하학적 칼 드로잉,쏟아져내림,1,분석 및 해석
29,기하학적 칼 드로잉,아름다움,8,분석 및 해석
29,기하학적 칼 드로잉,흘러내림,3,분석 및 해석
29,기하학적 칼 드로잉,악마,1,분석 및 해석
29,기하학적 칼 드로잉,알록달록,1,분석 및 해석
29,기하학적 칼 드로잉,어지러움,6,분석 및 해석
29,기하학적 칼 드로잉,예쁘다,12,분석 및 해석
29,기하학적 칼 드로잉,와우,3,분석 및 해석
29,기하학적 칼 드로잉,용광로,1,기술
29,기하학적 칼 드로잉,용암,2,기술
29,기하학적 칼 드로잉,일그러짐,2,분석 및 해석
29,기하학적 칼 드로잉,장미,2,기술
29,기하학적 칼 드로잉,절규,1,분석 및 해석
29,기하학적 칼 드로잉,중력,2,분석 및 해석
29,기하학적 칼 드로잉,지옥,3,기술
29,기하학적 칼 드로잉,지옥도,2,기술
29,기하학적 칼 드로잉,지옥불,2,기술
29,기하학적 칼 드로잉,첩첩산중,3,분석 및 해석
29,기하학적 칼 드로잉,추상,3,분석 및 해석
29,기하학적 칼 드로잉,튤립,1,기술
29,기하학적 칼 드로잉,폭포,2,기술
29,기하학적 칼 드로잉,피의 폭포,1,기술
29,기하학적 칼 드로잉,해상도,1,분석 및 해석
29,기하학적 칼 드로잉,호랑이,3,기술
29,기하학적 칼 드로잉,혼돈,2,분석 및 해석
29,기하학적 칼 드로잉,혼란,2,분석 및 해석
29,기하학적 칼 드로잉,화산,4,기술
29,기하학적 칼 드로잉,화성,3,기술
29,기하학적 칼 드로잉,화재,4,기술
29,기하학적 칼 드로잉,환상,9,분석 및 해석
29,기하학적 칼 드로잉,흘러내림,3,분석 및 해석
30,엠파이어 스테이트,거부감,2,분석 및 해석
30,엠파이어 스테이트,경계,4,분석 및 해석
30,엠파이어 스테이트,고딕양식,1,분석 및 해석
30,엠파이어 스테이트,고층,1,기술
30,엠파이어 스테이트,고층빌딩,1,기술
30,엠파이어 스테이트,과거의 유물,1,기술
30,엠파이어 스테이트,길쭉함,1,분석 및 해석
30,엠파이어 스테이트,꼭대기,1,기술
30,엠파이어 스테이트,꿈,50,분석 및 해석
30,엠파이어 스테이트,날카로움,2,분석 및 해석
30,엠파이어 스테이트,높다,1,분석 및 해석
30,엠파이어 스테이트,높은빌딩,1,기술
30,엠파이어 스테이트,뉴욕,1,기술
30,엠파이어 스테이트,뉴질랜드,1,기술
30,엠파이어 스테이트,닿을수 없는 대도시,1,기술
30,엠파이어 스테이트,대비,8,분석 및 해석
30,엠파이어 스테이트,대조,6,분석 및 해석
30,엠파이어 스테이트,도시,5,기술
30,엠파이어 스테이트,도시의 하늘,1,기술
30,엠파이어 스테이트,도시한복판,1,기술
30,엠파이어 스테이트,독립,2,기술
30,엠파이어 스테이트,마천루,1,기술
30,엠파이어 스테이트,뭉게구름하늘,1,기술
30,엠파이어 스테이트,미국,1,기술
30,엠파이어 스테이트,바벨,1,기술
30,엠파이어 스테이트,번화가,1,기술
30,엠파이어 스테이트,빌딩,3,기술
30,엠파이어 스테이트,뾰족함,2,분석 및 해석
30,엠파이어 스테이트,상아탑,1,기술
30,엠파이어 스테이트,서울,2,기술
30,엠파이어 스테이트,성당,2,기술
30,엠파이어 스테이트,솟음,1,분석 및 해석
30,엠파이어 스테이트,신비,18,분석 및 해석
30,엠파이어 스테이트,빌딩,3,기술
30,엠파이어 스테이트,압도,3,분석 및 해석
30,엠파이어 스테이트,오만,1,분석 및 해석
30,엠파이어 스테이트,와우,3,분석 및 해석
30,엠파이어 스테이트,바벨탑,1,기술
30,엠파이어 스테이트,왜곡,4,분석 및 해석
30,엠파이어 스테이트,우뚝,1,분석 및 해석
30,엠파이어 스테이트,인간의 도전,1,분석 및 해석
30,엠파이어 스테이트,저런하늘보고싶다,1,분석 및 해석
30,엠파이어 스테이트,찌르기,1,분석 및 해석
30,엠파이어 스테이트,창공,1,기술
30,엠파이어 스테이트,첨단,1,분석 및 해석
30,엠파이어 스테이트,첨탑이 하늘을 찌른다,1,기술
30,엠파이어 스테이트,출세,2,분석 및 해석
30,엠파이어 스테이트,치솟다,1,분석 및 해석
30,엠파이어 스테이트,치솟음,1,분석 및 해석
30,엠파이어 스테이트,칼,1,기술
30,엠파이어 스테이트,칼날,2,기술
30,엠파이어 스테이트,쾌청함,1,분석 및 해석
30,엠파이어 스테이트,톱빌딩,1,기술
30,엠파이어 스테이트,파랑,4,기술
30,엠파이어 스테이트,풍경,14,기술
30,엠파이어 스테이트,하늘,9,기술
30,엠파이어 스테이트,하늘을 찔러라,1,기술
30,엠파이어 스테이트,하늘을찌름,1,기술
30,엠파이어 스테이트,하늘을향해,1,기술
30,엠파이어 스테이트,하늘탑,1,기술
30,엠파이어 스테이트,합성,9,분석 및 해석
30,엠파이어 스테이트,합성티,1,분석 및 해석
30,엠파이어 스테이트,현대,1,분석 및 해석
30,엠파이어 스테이트,현대문명,2,분석 및 해석
31,레이어,가상,2,분석 및 해석
31,레이어,가짜,4,분석 및 해석
31,레이어,거짓,3,분석 및 해석
31,레이어,건설,1,기술
31,레이어,건축,2,기술
31,레이어,고정관념,2,분석 및 해석
31,레이어,고흐,2,기술
31,레이어,공사,1,기술
31,레이어,공사장,1,기술
31,레이어,공사중,1,기술
31,레이어,공장,1,기술
31,레이어,공중,1,기술
31,레이어,구조,1,기술
31,레이어,국기,1,기술
31,레이어,그림,3,기술
31,레이어,나무,16,기술
31,레이어,대지미술,1,기술
31,레이어,독특,2,분석 및 해석
31,레이어,레이어,1,기술
31,레이어,로마시대,1,기술
31,레이어,루이비통 본사,1,기술
31,레이어,르네상스,1,기술
31,레이어,뫼비우스의띠,1,분석 및 해석
31,레이어,무대,1,기술
31,레이어,미완성,2,분석 및 해석
31,레이어,바티칸,1,기술
31,레이어,배경,2,기술
31,레이어,보수,1,분석 및 해석
31,레이어,부실,1,분석 및 해석
31,레이어,부자연스러움,2,분석 및 해석
31,레이어,부조화,11,분석 및 해석
31,레이어,빛,9,기술
31,레이어,빛의,1,기술
31,레이어,변화,6,기술
31,레이어,사진,14,기술
31,레이어,서커스,3,기술
31,레이어,설치미술,1,기술
31,레이어,성,1,기술
31,레이어,세트 속,1,기술
31,레이어,숲속의 배,1,기술
31,레이어,스크린,1,기술
31,레이어,신비,18,분석 및 해석
31,레이어,실제적 가성,1,분석 및 해석
31,레이어,실체,3,분석 및 해석
31,레이어,실체와 비실체,1,분석 및 해석
31,레이어,심오하다,49,분석 및 해석
31,레이어,안과밖의연결,1,분석 및 해석
31,레이어,야경,3,기술
31,레이어,어두움과 밝음,1,분석 및 해석
31,레이어,연작,2,기술
31,레이어,오페라,1,기술
31,레이어,위장,1,분석 및 해석
31,레이어,위험천만,1,분석 및 해석
31,레이어,이국적,3,분석 및 해석
31,레이어,인공,2,분석 및 해석
31,레이어,인공적인,1,분석 및 해석
31,레이어,입체적,1,분석 및 해석
31,레이어,적막,4,분석 및 해석
31,레이어,조명,4,기술
31,레이어,조화,6,분석 및 해석
31,레이어,좋은밤,1,기술
31,레이어,증축,1,기술
31,레이어,착시,3,분석 및 해석
31,레이어,천막,1,기술
31,레이어,철거,1,기술
31,레이어,커튼,2,기술
31,레이어,투시,1,기술
31,레이어,파티,3,기술
31,레이어,프로젝션,1,기술
31,레이어,항해,1,기술
31,레이어,허상,2,분석 및 해석
31,레이어,허위,1,분석 및 해석
31,레이어,허황됨,1,분석 및 해석
31,레이어,환상,9,분석 및 해석
31,레이어,휘청휘청,1,분석 및 해석
32,역구내 식당,가락국수,1,기술
32,역구내 식당,간이역,1,기술
32,역구내 식당,간이음식점,1,기술
32,역구내 식당,갈망,2,분석 및 해석
32,역구내 식당,갑판,1,기술
32,역구내 식당,고양이눈,1,기술
32,역구내 식당,고향가는 길,1,기술
32,역구내 식당,고향길,1,기술
32,역구내 식당,공산당,1,분석 및 해석
32,역구내 식당,구세대,1,분석 및 해석
32,역구내 식당,국수먹고싶다,1,분석 및 해석
32,역구내 식당,국수집,1,기술
32,역구내 식당,귀가,1,기술
32,역구내 식당,귀향,1,기술
32,역구내 식당,기대감,1,분석 및 해석
32,역구내 식당,기차,2,기술
32,역구내 식당,기차역,1,기술
32,역구내 식당,김종민,1,기술
32,역구내 식당,꿈,50,분석 및 해석
32,역구내 식당,노동,1,기술
32,역구내 식당,노동자,2,기술
32,역구내 식당,노동후,1,기술
32,역구내 식당,휴식,2,분석 및 해석
32,역구내 식당,다리,3,기술
32,역구내 식당,다리위,1,기술
32,역구내 식당,대전역,1,기술
32,역구내 식당,따뜻한,1,분석 및 해석
32,역구내 식당,국물,1,기술
32,역구내 식당,따스함,2,분석 및 해석
32,역구내 식당,만남,2,분석 및 해석
32,역구내 식당,만화,3,기술
32,역구내 식당,맛있겠다,2,분석 및 해석
32,역구내 식당,몽상,3,분석 및 해석
32,역구내 식당,몽환적,3,분석 및 해석
32,역구내 식당,무채색,2,기술
32,역구내 식당,바다,5,기술
32,역구내 식당,배고픔,2,분석 및 해석
32,역구내 식당,부엉이,1,기술
32,역구내 식당,부자연,2,분석 및 해석
32,역구내 식당,북한,2,기술
32,역구내 식당,사연이깃든,1,분석 및 해석
32,역구내 식당,새벽,3,기술
32,역구내 식당,새벽차,1,기술
32,역구내 식당,서민,1,기술
32,역구내 식당,서민 풍경,1,기술
32,역구내 식당,소박함과정겨움,1,분석 및 해석
32,역구내 식당,소소한일상,1,분석 및 해석
32,역구내 식당,쉬어감,1,분석 및 해석
32,역구내 식당,시골,8,기술
32,역구내 식당,시골역,1,기술
32,역구내 식당,시장,1,기술
32,역구내 식당,신비,18,분석 및 해석
32,역구내 식당,심오하다,49,분석 및 해석
32,역구내 식당,아날로그,1,분석 및 해석
32,역구내 식당,어린이,1,기술
32,역구내 식당,여행,4,분석 및 해석
32,역구내 식당,여행의 끝자락,1,기술
32,역구내 식당,역,1,기술
32,역구내 식당,옛 풍경,1,기술
32,역구내 식당,옛날,6,기술
32,역구내 식당,옛날,6,기술
32,역구내 식당,오후,2,기술
32,역구내 식당,우동,1,기술
32,역구내 식당,위안,1,분석 및 해석
32,역구내 식당,인간소외,1,분석 및 해석
32,역구내 식당,인심,1,분석 및 해석
32,역구내 식당,저녁,2,기술
32,역구내 식당,정,1,분석 및 해석
32,역구내 식당,정겨움,1,분석 및 해석
32,역구내 식당,정착역,1,기술
32,역구내 식당,죄수,1,기술
32,역구내 식당,중국,8,기술
32,역구내 식당,중국,8,기술
32,역구내 식당,설날,1,기술
32,역구내 식당,철도,2,기술
32,역구내 식당,청량리역,1,기술
32,역구내 식당,추억,4,분석 및 해석
32,역구내 식당,퇴근길,1,기술
32,역구내 식당,풍요로움,1,분석 및 해석
32,역구내 식당,한뚝배기,1,기술
32,역구내 식당,항구,1,기술
32,역구내 식당,해리포터,4,기술
32,역구내 식당,해지는 길,1,기술
32,역구내 식당,향수,2,분석 및 해석
32,역구내 식당,허기,1,분석 및 해석
32,역구내 식당,허기를 달래는,1,분석 및 해석
32,역구내 식당,혼잡,2,분석 및 해석
32,역구내 식당,훈훈,1,분석 및 해석
32,역구내 식당,흩날리는 소리,1,분석 및 해석
33,상처난 풍경(임진강 30부작),감정,1,분석 및 해석
33,상처난 풍경(임진강 30부작),강익중,1,기술
33,상처난 풍경(임진강 30부작),경계,4,분석 및 해석
33,상처난 풍경(임진강 30부작),공,2,기술
33,상처난 풍경(임진강 30부작),공포,15,분석 및 해석
33,상처난 풍경(임진강 30부작),관점,1,분석 및 해석
33,상처난 풍경(임진강 30부작),규칙,1,분석 및 해석
33,상처난 풍경(임진강 30부작),그림,3,기술
33,상처난 풍경(임진강 30부작),김혜련,1,기술
33,상처난 풍경(임진강 30부작),끊어짐,1,분석 및 해석
33,상처난 풍경(임진강 30부작),나눔,1,분석 및 해석
33,상처난 풍경(임진강 30부작),나무,16,기술
33,상처난 풍경(임진강 30부작),네모,1,기술
33,상처난 풍경(임진강 30부작),다다익선,1,분석 및 해석
33,상처난 풍경(임진강 30부작),다리,3,기술
33,상처난 풍경(임진강 30부작),절단,1,분석 및 해석
33,상처난 풍경(임진강 30부작),다양,1,분석 및 해석
33,상처난 풍경(임진강 30부작),단아함,2,분석 및 해석
33,상처난 풍경(임진강 30부작),덩굴,1,기술
33,상처난 풍경(임진강 30부작),매치하기,1,분석 및 해석
33,상처난 풍경(임진강 30부작),멀티스크린,1,기술
33,상처난 풍경(임진강 30부작),멈춤,1,분석 및 해석
33,상처난 풍경(임진강 30부작),멋지다,1,분석 및 해석
33,상처난 풍경(임진강 30부작),면,2,기술
33,상처난 풍경(임진강 30부작),모자이크,2,기술
33,상처난 풍경(임진강 30부작),몽환적,3,분석 및 해석
33,상처난 풍경(임진강 30부작),무시,1,분석 및 해석
33,상처난 풍경(임진강 30부작),물들이기,1,분석 및 해석
33,상처난 풍경(임진강 30부작),바다,5,기술
33,상처난 풍경(임진강 30부작),배열,1,분석 및 해석
33,상처난 풍경(임진강 30부작),백남준,1,기술
33,상처난 풍경(임진강 30부작),벽화타일,1,기술
33,상처난 풍경(임진강 30부작),변화,6,기술
33,상처난 풍경(임진강 30부작),분단,1,분석 및 해석
33,상처난 풍경(임진강 30부작),분단의 분단,1,분석 및 해석
33,상처난 풍경(임진강 30부작),비슷비슷,1,분석 및 해석
33,상처난 풍경(임진강 30부작),사각형,1,기술
33,상처난 풍경(임진강 30부작),사진,14,기술
33,상처난 풍경(임진강 30부작),상처,2,분석 및 해석
33,상처난 풍경(임진강 30부작),수집,1,기술
33,상처난 풍경(임진강 30부작),수평선,2,기술
33,상처난 풍경(임진강 30부작),순간,2,기술
33,상처난 풍경(임진강 30부작),시리즈,1,기술
33,상처난 풍경(임진강 30부작),신비,18,분석 및 해석
33,상처난 풍경(임진강 30부작),심오하다,49,분석 및 해석
33,상처난 풍경(임진강 30부작),아이콘,1,기술
33,상처난 풍경(임진강 30부작),알쏭달쏭,1,분석 및 해석
33,상처난 풍경(임진강 30부작),액자,3,기술
33,상처난 풍경(임진강 30부작),액자들,1,기술
33,상처난 풍경(임진강 30부작),여러가지단편,1,기술
33,상처난 풍경(임진강 30부작),연작,2,기술
33,상처난 풍경(임진강 30부작),엽서,1,기술
33,상처난 풍경(임진강 30부작),예쁘군요,1,분석 및 해석
33,상처난 풍경(임진강 30부작),외로움,29,분석 및 해석
33,상처난 풍경(임진강 30부작),우표,2,기술
33,상처난 풍경(임진강 30부작),유사성,1,분석 및 해석
33,상처난 풍경(임진강 30부작),음반,1,기술
33,상처난 풍경(임진강 30부작),이별한 후,1,기술
33,상처난 풍경(임진강 30부작),이어짐,1,분석 및 해석
33,상처난 풍경(임진강 30부작),정적임,3,분석 및 해석
33,상처난 풍경(임진강 30부작),조각,4,기술
33,상처난 풍경(임진강 30부작),조각모음,1,기술
33,상처난 풍경(임진강 30부작),조각보,1,기술
33,상처난 풍경(임진강 30부작),조각조각,1,기술
33,상처난 풍경(임진강 30부작),짝맞추기,1,기술
33,상처난 풍경(임진강 30부작),찰나의기억,1,분석 및 해석
33,상처난 풍경(임진강 30부작),철장,1,기술
33,상처난 풍경(임진강 30부작),철조망,1,기술
33,상처난 풍경(임진강 30부작),철조망쳐진 바다,1,기술
33,상처난 풍경(임진강 30부작),타일,1,기술
33,상처난 풍경(임진강 30부작),틀,1,기술
33,상처난 풍경(임진강 30부작),파스텔,2,기술
33,상처난 풍경(임진강 30부작),푸르스름,1,기술
33,상처난 풍경(임진강 30부작),풍경,14,기술
33,상처난 풍경(임진강 30부작),풍경들,1,기술
33,상처난 풍경(임진강 30부작),하늘,9,기술
33,상처난 풍경(임진강 30부작),하늘빛,1,기술
33,상처난 풍경(임진강 30부작),흉터들,1,기술
34,빛과 속도의 풍경,가로등,1,기술
34,빛과 속도의 풍경,가자,1,분석 및 해석
34,빛과 속도의 풍경,강렬함,3,분석 및 해석
34,빛과 속도의 풍경,고독함,2,분석 및 해석
34,빛과 속도의 풍경,광란,1,분석 및 해석
34,빛과 속도의 풍경,교향곡,1,분석 및 해석
34,빛과 속도의 풍경,길,4,기술
34,빛과 속도의 풍경,꿈,50,분석 및 해석
34,빛과 속도의 풍경,네온사인,1,기술
34,빛과 속도의 풍경,놋쇠거울,1,기술
34,빛과 속도의 풍경,눈부심,2,분석 및 해석
34,빛과 속도의 풍경,단편,1,분석 및 해석
34,빛과 속도의 풍경,달려,1,분석 및 해석
34,빛과 속도의 풍경,달리다,1,분석 및 해석
34,빛과 속도의 풍경,도시,5,기술
34,빛과 속도의 풍경,도심,1,분석 및 해석
34,빛과 속도의 풍경,동적,1,분석 및 해석
34,빛과 속도의 풍경,드라이브,1,기술
34,빛과 속도의 풍경,디자인,2,기술
34,빛과 속도의 풍경,라이딩,1,분석 및 해석
34,빛과 속도의 풍경,레이싱,1,기술
34,빛과 속도의 풍경,메탈,1,분석 및 해석
34,빛과 속도의 풍경,모던,2,분석 및 해석
34,빛과 속도의 풍경,뭉그러짐,1,분석 및 해석
34,빛과 속도의 풍경,바쁨,1,분석 및 해석
34,빛과 속도의 풍경,바이크,1,기술
34,빛과 속도의 풍경,밤거리,1,기술
34,빛과 속도의 풍경,밤길,1,기술
34,빛과 속도의 풍경,변화,6,기술
34,빛과 속도의 풍경,불빛,2,기술
34,빛과 속도의 풍경,붉은 빛,1,기술
34,빛과 속도의 풍경,빛,9,기술
34,빛과 속도의 풍경,빛나는,1,기술
34,빛과 속도의 풍경,빛은속도다,1,분석 및 해석
34,빛과 속도의 풍경,빛의 왜곡,1,분석 및 해석
34,빛과 속도의 풍경,빛의속도,1,분석 및 해석
34,빛과 속도의 풍경,빛퍼짐,1,분석 및 해석
34,빛과 속도의 풍경,빠른,1,분석 및 해석
34,빛과 속도의 풍경,세련됨,1,분석 및 해석
34,빛과 속도의 풍경,속도,1,기술
34,빛과 속도의 풍경,속도감 느껴지네요,1,분석 및 해석
34,빛과 속도의 풍경,스피드,1,분석 및 해석
34,빛과 속도의 풍경,심오하다,49,분석 및 해석
34,빛과 속도의 풍경,싸이메인,1,분석 및 해석
34,빛과 속도의 풍경,싸이월드스타일,1,분석 및 해석
34,빛과 속도의 풍경,야경,3,기술
34,빛과 속도의 풍경,여행,4,분석 및 해석
34,빛과 속도의 풍경,예쁘다,12,분석 및 해석
34,빛과 속도의 풍경,왜곡,4,분석 및 해석
34,빛과 속도의 풍경,외로움,29,분석 및 해석
34,빛과 속도의 풍경,이미지,2,기술
34,빛과 속도의 풍경,자유,8,분석 및 해석
34,빛과 속도의 풍경,전등,1,기술
34,빛과 속도의 풍경,조명,4,기술
34,빛과 속도의 풍경,중복,1,분석 및 해석
34,빛과 속도의 풍경,질주,1,분석 및 해석
34,빛과 속도의 풍경,차창,1,기술
34,빛과 속도의 풍경,찰나,1,기술
34,빛과 속도의 풍경,크리스마스,1,기술
34,빛과 속도의 풍경,풍경,14,기술
34,빛과 속도의 풍경,피곤,2,분석 및 해석
34,빛과 속도의 풍경,할로윈,1,기술
34,빛과 속도의 풍경,화려,3,분석 및 해석
34,빛과 속도의 풍경,화려함,1,분석 및 해석
34,빛과 속도의 풍경,환각,2,분석 및 해석
35,아버지와 아들,강인한 아버지,1,기술
35,아버지와 아들,개,3,기술
35,아버지와 아들,거인,1,기술
35,아버지와 아들,고통,4,분석 및 해석
35,아버지와 아들,공포,15,분석 및 해석
35,아버지와 아들,기괴,7,분석 및 해석
35,아버지와 아들,기생,1,기술
35,아버지와 아들,꿈,50,분석 및 해석
35,아버지와 아들,나무,16,기술
35,아버지와 아들,나무가 보듬다,1,기술
35,아버지와 아들,나무같은아버지,1,기술
35,아버지와 아들,남자,5,기술
35,아버지와 아들,넝쿨,2,기술
35,아버지와 아들,단단함,1,분석 및 해석
35,아버지와 아들,돌연변이,1,기술
35,아버지와 아들,또아리,1,기술
35,아버지와 아들,막대,1,기술
35,아버지와 아들,매달림,1,기술
35,아버지와 아들,매직아이,2,기술
35,아버지와 아들,물아일체,1,분석 및 해석
35,아버지와 아들,발레,1,기술
35,아버지와 아들,보살핌,1,기술
35,아버지와 아들,복잡,5,분석 및 해석
35,아버지와 아들,부성애,1,분석 및 해석
35,아버지와 아들,사계절,1,기술
35,아버지와 아들,사라짐,2,분석 및 해석
35,아버지와 아들,사람,9,기술
35,아버지와 아들,사랑,4,분석 및 해석
35,아버지와 아들,사랑하는 아들,1,기술
35,아버지와 아들,상처,2,분석 및 해석
35,아버지와 아들,상처를보듬음,1,분석 및 해석
35,아버지와 아들,생각,2,분석 및 해석
35,아버지와 아들,소나무,2,기술
35,아버지와 아들,소나무 사람,1,기술
35,아버지와 아들,숨막힘,2,분석 및 해석
35,아버지와 아들,숨은그림찾기,1,분석 및 해석
35,아버지와 아들,시련,1,분석 및 해석
35,아버지와 아들,신비함,1,분석 및 해석
35,아버지와 아들,실루엣,1,기술
35,아버지와 아들,심오하다,49,분석 및 해석
35,아버지와 아들,아담,1,기술
35,아버지와 아들,아담과이브,1,기술
35,아버지와 아들,아들,2,기술
35,아버지와 아들,아버지,3,기술
35,아버지와 아들,아버지와 나,1,기술
35,아버지와 아들,아버지와 아들,1,기술
35,아버지와 아들,아빠 안아줘,1,기술
35,아버지와 아들,앙상한 뼈,1,기술
35,아버지와 아들,어려움,2,분석 및 해석
35,아버지와 아들,얽매임,1,분석 및 해석
35,아버지와 아들,와우,3,분석 및 해석
35,아버지와 아들,외로운,3,분석 및 해석
35,아버지와 아들,남자,5,기술
35,아버지와 아들,외로움,29,분석 및 해석
35,아버지와 아들,유골,1,기술
35,아버지와 아들,유령,2,기술
35,아버지와 아들,자살,1,분석 및 해석
35,아버지와 아들,자연,7,기술
35,아버지와 아들,자연과의 일체,1,분석 및 해석
35,아버지와 아들,자연동화,1,분석 및 해석
35,아버지와 아들,죽음,7,분석 및 해석
35,아버지와 아들,지켜주는자,1,분석 및 해석
35,아버지와 아들,탄생,3,분석 및 해석
35,아버지와 아들,파랑,4,기술
35,아버지와 아들,팔다리,1,기술
35,아버지와 아들,포옹,1,분석 및 해석
35,아버지와 아들,합체,1,분석 및 해석
36,Still Life-두개의 공,강자와 약자,1,분석 및 해석
36,Still Life-두개의 공,거꾸로굴러가는,1,기술
36,Still Life-두개의 공,계란 공,1,기술
36,Still Life-두개의 공,공,2,기술
36,Still Life-두개의 공,방,3,기술
36,Still Life-두개의 공,공간,6,기술
36,Still Life-두개의 공,공허,7,분석 및 해석
36,Still Life-두개의 공,공허함,4,분석 및 해석
36,Still Life-두개의 공,구,1,기술
36,Still Life-두개의 공,구슬,1,기술
36,Still Life-두개의 공,균형,1,분석 및 해석
36,Still Life-두개의 공,그림자,3,기술
36,Still Life-두개의 공,금성,1,기술
36,Still Life-두개의 공,꽃,12,기술
36,Still Life-두개의 공,꿈,50,분석 및 해석
36,Still Life-두개의 공,낮의 별,1,기술
36,Still Life-두개의 공,냉소적인 달,1,기술
36,Still Life-두개의 공,닮은꼴,1,분석 및 해석
36,Still Life-두개의 공,당구,1,기술
36,Still Life-두개의 공,대비,8,분석 및 해석
36,Still Life-두개의 공,대조,6,분석 및 해석
36,Still Life-두개의 공,돌,2,기술
36,Still Life-두개의 공,두개의 공,1,기술
36,Still Life-두개의 공,르네 마그리트,3,기술
36,Still Life-두개의 공,명암,3,기술
36,Still Life-두개의 공,배치,2,기술
36,Still Life-두개의 공,부조리,1,분석 및 해석
36,Still Life-두개의 공,불균형,1,분석 및 해석
36,Still Life-두개의 공,비교,2,분석 및 해석
36,Still Life-두개의 공,상대적인 것,1,분석 및 해석
36,Still Life-두개의 공,세계,2,기술
36,Still Life-두개의 공,세제공,1,기술
36,Still Life-두개의 공,소묘,1,기술
36,Still Life-두개의 공,수채화,1,기술
36,Still Life-두개의 공,숨어있는 고양이,1,기술
36,Still Life-두개의 공,승리,3,분석 및 해석
36,Still Life-두개의 공,실연,1,분석 및 해석
36,Still Life-두개의 공,심오하다,49,분석 및 해석
36,Still Life-두개의 공,심플,9,분석 및 해석
36,Still Life-두개의 공,예쁘다,12,분석 및 해석
36,Still Life-두개의 공,우월,1,분석 및 해석
36,Still Life-두개의 공,우주,1,기술
36,Still Life-두개의 공,우주속의지구,1,기술
36,Still Life-두개의 공,원근감,2,기술
36,Still Life-두개의 공,원근법,1,기술
36,Still Life-두개의 공,인위,2,분석 및 해석
36,Still Life-두개의 공,입체,3,기술
36,Still Life-두개의 공,입체감,1,기술
36,Still Life-두개의 공,정물,3,기술
36,Still Life-두개의 공,정물과구성,1,기술
36,Still Life-두개의 공,정적임,3,분석 및 해석
36,Still Life-두개의 공,정확,1,분석 및 해석
36,Still Life-두개의 공,조화,6,분석 및 해석
36,Still Life-두개의 공,지구,2,기술
36,Still Life-두개의 공,지구와 달,1,기술
36,Still Life-두개의 공,지구와 행성,1,기술
36,Still Life-두개의 공,차이,1,분석 및 해석
36,Still Life-두개의 공,창문,3,기술
36,Still Life-두개의 공,커튼,2,기술
36,Still Life-두개의 공,커튼과 공,1,기술
36,Still Life-두개의 공,크기 변화,1,기술
36,Still Life-두개의 공,탁구공,1,기술
36,Still Life-두개의 공,태양과달,1,기술
36,Still Life-두개의 공,태양과 지구,1,기술
36,Still Life-두개의 공,태양과 행성,1,기술
36,Still Life-두개의 공,파스텔적 색감,1,기술
36,Still Life-두개의 공,평화,3,분석 및 해석
36,Still Life-두개의 공,픽사,1,기술
36,Still Life-두개의 공,하늘,9,기술
36,Still Life-두개의 공,행성,1,기술
36,Still Life-두개의 공,현실혹은이상,1,분석 및 해석
36,Still Life-두개의 공,형제,1,기술
36,Still Life-두개의 공,확대,1,분석 및 해석
37,무제#7-The Resurrection,가짜,4,분석 및 해석
37,무제#7-The Resurrection,감옥,5,기술
37,무제#7-The Resurrection,고통,4,분석 및 해석
37,무제#7-The Resurrection,공포,15,분석 및 해석
37,무제#7-The Resurrection,공포영화,3,분석 및 해석
37,무제#7-The Resurrection,괴물,4,기술
37,무제#7-The Resurrection,굴타기,1,기술
37,무제#7-The Resurrection,꿀렁꿀렁,1,분석 및 해석
37,무제#7-The Resurrection,꿈,50,분석 및 해석
37,무제#7-The Resurrection,나무,16,기술
37,무제#7-The Resurrection,넝쿨,2,기술
37,무제#7-The Resurrection,네트워크,1,분석 및 해석
37,무제#7-The Resurrection,덩쿨,1,기술
37,무제#7-The Resurrection,도시,5,기술
37,무제#7-The Resurrection,땅,3,기술
37,무제#7-The Resurrection,땅굴,2,기술
37,무제#7-The Resurrection,머리카락,1,기술
37,무제#7-The Resurrection,메두사,2,기술
37,무제#7-The Resurrection,무서움,10,분석 및 해석
37,무제#7-The Resurrection,문명의 전환,1,분석 및 해석
37,무제#7-The Resurrection,물부족,1,분석 및 해석
37,무제#7-The Resurrection,바닥의 울림,1,분석 및 해석
37,무제#7-The Resurrection,뱀,1,기술
37,무제#7-The Resurrection,뱀사다리,1,기술
37,무제#7-The Resurrection,뱀집,1,기술
37,무제#7-The Resurrection,벌,2,기술
37,무제#7-The Resurrection,분노,3,분석 및 해석
37,무제#7-The Resurrection,뿌리,1,기술
37,무제#7-The Resurrection,선,2,기술
37,무제#7-The Resurrection,수도관,1,기술
37,무제#7-The Resurrection,숨막힘,2,분석 및 해석
37,무제#7-The Resurrection,숲,6,기술
37,무제#7-The Resurrection,신비,18,분석 및 해석
37,무제#7-The Resurrection,심오하다,49,분석 및 해석
37,무제#7-The Resurrection,아바타,3,기술
37,무제#7-The Resurrection,안어울림,1,분석 및 해석
37,무제#7-The Resurrection,압박,2,분석 및 해석
37,무제#7-The Resurrection,야생,2,기술
37,무제#7-The Resurrection,얽힘,1,분석 및 해석
37,무제#7-The Resurrection,연락,1,분석 및 해석
37,무제#7-The Resurrection,오염,2,기술
37,무제#7-The Resurrection,오염된,1,기술
37,무제#7-The Resurrection,오염된자연,1,기술
37,무제#7-The Resurrection,외로움,29,분석 및 해석
37,무제#7-The Resurrection,유기적,1,분석 및 해석
37,무제#7-The Resurrection,인위,2,분석 및 해석
37,무제#7-The Resurrection,인위적,2,분석 및 해석
37,무제#7-The Resurrection,자연과인조물의대립,1,분석 및 해석
37,무제#7-The Resurrection,자연의 아픔,1,분석 및 해석
37,무제#7-The Resurrection,자연파괴,1,기술
37,무제#7-The Resurrection,전기숲,1,기술
37,무제#7-The Resurrection,전선,1,기술
37,무제#7-The Resurrection,전선줄기,1,기술
37,무제#7-The Resurrection,정글,1,기술
37,무제#7-The Resurrection,제5원소,1,기술
37,무제#7-The Resurrection,좀비,1,기술
37,무제#7-The Resurrection,줄기,1,기술
37,무제#7-The Resurrection,타오름,1,기술
37,무제#7-The Resurrection,지렁이,1,기술
37,무제#7-The Resurrection,지렁이다섯마리,1,기술
37,무제#7-The Resurrection,지렁이마을,1,기술
37,무제#7-The Resurrection,지하세계,1,기술
37,무제#7-The Resurrection,진드기,1,기술
37,무제#7-The Resurrection,징그러움,8,분석 및 해석
37,무제#7-The Resurrection,초록,1,기술
37,무제#7-The Resurrection,촉수,1,기술
37,무제#7-The Resurrection,파괴,4,분석 및 해석
37,무제#7-The Resurrection,판도라,1,기술
37,무제#7-The Resurrection,핏줄,1,기술
37,무제#7-The Resurrection,해리포터,4,기술
37,무제#7-The Resurrection,호수,4,기술
37,무제#7-The Resurrection,호스,1,기술
37,무제#7-The Resurrection,호흡,1,분석 및 해석
37,무제#7-The Resurrection,혼잡함,1,분석 및 해석
37,무제#7-The Resurrection,흙,2,기술
38,바디시리즈1,게이,1,기술
38,바디시리즈1,경질,1,기술
38,바디시리즈1,계곡,5,기술
38,바디시리즈1,골짜기,3,기술
38,바디시리즈1,공간,6,기술
38,바디시리즈1,공포,15,분석 및 해석
38,바디시리즈1,굴곡,2,분석 및 해석
38,바디시리즈1,그곳,3,기술
38,바디시리즈1,근육,1,기술
38,바디시리즈1,기괴,7,분석 및 해석
38,바디시리즈1,기분나빠,1,분석 및 해석
38,바디시리즈1,깊숙함,1,분석 및 해석
38,바디시리즈1,꿈,50,분석 및 해석
38,바디시리즈1,남과 여,2,기술
38,바디시리즈1,누드,3,기술
38,바디시리즈1,누드화,1,기술
38,바디시리즈1,눈물,2,기술
38,바디시리즈1,다리,3,기술
38,바디시리즈1,대조,6,분석 및 해석
38,바디시리즈1,대칭,5,분석 및 해석
38,바디시리즈1,더러움,3,분석 및 해석
38,바디시리즈1,동성애,1,분석 및 해석
38,바디시리즈1,떨어짐,3,분석 및 해석
38,바디시리즈1,마주봄,1,분석 및 해석
38,바디시리즈1,먹먹,1,분석 및 해석
38,바디시리즈1,바위,2,기술
38,바디시리즈1,반전,6,분석 및 해석
38,바디시리즈1,벽과벽사이,1,기술
38,바디시리즈1,복근,2,기술
38,바디시리즈1,부끄러움,2,분석 및 해석
38,바디시리즈1,부드러움,3,분석 및 해석
38,바디시리즈1,부조화,11,분석 및 해석
38,바디시리즈1,불쾌함,3,분석 및 해석
38,바디시리즈1,사랑,4,분석 및 해석
38,바디시리즈1,사이,1,기술
38,바디시리즈1,산절벽,1,기술
38,바디시리즈1,살,1,기술
38,바디시리즈1,성기,1,기술
38,바디시리즈1,셀룰라이트,1,기술
38,바디시리즈1,숲,6,기술
38,바디시리즈1,신체이미지,2,기술
38,바디시리즈1,심오하다,49,분석 및 해석
38,바디시리즈1,싸움,1,기술
38,바디시리즈1,야함,1,분석 및 해석
38,바디시리즈1,어둠,4,분석 및 해석
38,바디시리즈1,어딘지모르겠군,1,분석 및 해석
38,바디시리즈1,언덕,1,기술
38,바디시리즈1,외로움,29,분석 및 해석
38,바디시리즈1,외설,2,분석 및 해석
38,바디시리즈1,울퉁불퉁한,1,분석 및 해석
38,바디시리즈1,징그러움,8,분석 및 해석
38,바디시리즈1,육체,1,기술
38,바디시리즈1,은밀,2,분석 및 해석
38,바디시리즈1,이질감,2,분석 및 해석
38,바디시리즈1,장벽,2,기술
38,바디시리즈1,절벽,3,기술
38,바디시리즈1,접촉,1,분석 및 해석
38,바디시리즈1,주름,2,기술
38,바디시리즈1,지방,1,기술
38,바디시리즈1,털,2,기술
38,바디시리즈1,틈,1,기술
38,바디시리즈1,팔뚝,1,기술
39,노고산,가을,2,기술
39,노고산,강원도,1,기술
39,노고산,거침,1,분석 및 해석
39,노고산,겨울,7,기술
39,노고산,겨울산,1,기술
39,노고산,겨울풍경,1,기술
39,노고산,고대,1,기술
39,노고산,고전벽화,1,기술
39,노고산,고향,3,분석 및 해석
39,노고산,고흐,2,기술
39,노고산,금수강산,1,기술
39,노고산,길,4,기술
39,노고산,나무,16,기술
39,노고산,너의고향,1,기술
39,노고산,노고산,1,기술
39,노고산,논밭,2,기술
39,노고산,농촌,2,기술
39,노고산,늦가을,1,분석 및 해석
39,노고산,단풍,4,기술
39,노고산,답답,1,분석 및 해석
39,노고산,답답함,2,분석 및 해석
39,노고산,대동여지도,1,기술
39,노고산,대한민국산맥,1,기술
39,노고산,무거움,1,분석 및 해석
39,노고산,민둥산,2,기술
39,노고산,배산임수,2,기술
39,노고산,봉우리,1,기술
39,노고산,북적함,1,분석 및 해석
39,노고산,빨치산,1,기술
39,노고산,산,10,기술
39,노고산,산골밭,1,기술
39,노고산,산골짜기,1,기술
39,노고산,산수,5,기술
39,노고산,산수화,5,기술
39,노고산,산적,1,기술
39,노고산,산줄기,1,기술
39,노고산,삼천리,2,기술
39,노고산,새벽,3,기술
39,노고산,생소,1,분석 및 해석
39,노고산,수놓은듯한자연,1,분석 및 해석
39,노고산,수묵화,3,기술
39,노고산,습작,1,분석 및 해석
39,노고산,시골,8,기술
39,노고산,시골마을,2,기술
39,노고산,신새벽,1,기술
39,노고산,심오하다,49,분석 및 해석
39,노고산,쓰레기,2,기술
39,노고산,야경,3,기술
39,노고산,어두움,7,분석 및 해석
39,노고산,어지러운,1,분석 및 해석
39,노고산,음울함,1,분석 및 해석
39,노고산,전통,3,분석 및 해석
39,노고산,점묘화,1,기술
39,노고산,중국,8,기술
39,노고산,척박함,1,분석 및 해석
39,노고산,청산유수,1,기술
39,노고산,추움,3,분석 및 해석
39,노고산,판화,1,기술
39,노고산,풍경,14,기술
39,노고산,한국적,1,분석 및 해석
39,노고산,한국화,5,기술
39,노고산,햇살,2,기술
39,노고산,호랑이,3,기술
39,노고산,황량함,3,분석 및 해석
39,노고산,흙,2,기술
40,여정,가을,2,기술
40,여정,감옥,5,기술
40,여정,게으른 나,1,기술
40,여정,겨울,7,기술
40,여정,경계,4,분석 및 해석
40,여정,계란,1,기술
40,여정,고전,3,기술
40,여정,과일,1,기술
40,여정,과일바구니,1,기술
40,여정,기쁨,1,분석 및 해석
40,여정,꿈,50,분석 및 해석
40,여정,남겨놓은사과,1,기술
40,여정,달걀,2,기술
40,여정,더러움,3,분석 및 해석
40,여정,덧칠,1,기술
40,여정,도시락,1,기술
40,여정,둔탁,1,분석 및 해석
40,여정,물,3,기술
40,여정,불,5,기술
40,여정,공기,1,기술
40,여정,땅,3,기술
40,여정,물에젖음,1,기술
40,여정,물푸른나무접시,1,기술
40,여정,뭉개짐,1,분석 및 해석
40,여정,민감,1,분석 및 해석
40,여정,복숭아,1,기술
40,여정,부모님,1,기술
40,여정,뿌듯함,1,분석 및 해석
40,여정,사과,2,기술
40,여정,사과네개,1,기술
40,여정,사과상자,1,기술
40,여정,사과였음좋겠다,1,분석 및 해석
40,여정,사랑,4,분석 및 해석
40,여정,선택,3,분석 및 해석
40,여정,세잔,1,기술
40,여정,수채,1,기술
40,여정,심오하다,49,분석 및 해석
40,여정,썩은 사과,1,분석 및 해석
40,여정,애매함,1,분석 및 해석
40,여정,어지러움,6,분석 및 해석
40,여정,염색,1,기술
40,여정,외로움,29,분석 및 해석
40,여정,원소,1,기술
40,여정,자신없는사과,1,기술
40,여정,정물,3,기술
40,여정,정물화,1,기술
40,여정,천사,1,기술
40,여정,파스텔,2,분석 및 해석
40,여정,파스텔적,1,분석 및 해석
40,여정,색감,1,기술
40,여정,홍시,1,기술
40,여정,화난 남녀,1,기술
40,여정,흐린윤곽선,1,기술
40,여정,흐림,2,분석 및 해석
41,Tomorrow-자매의 전쟁,가짜,4,분석 및 해석
41,Tomorrow-자매의 전쟁,거짓된평화,1,분석 및 해석
41,Tomorrow-자매의 전쟁,공주,3,기술
41,Tomorrow-자매의 전쟁,공주님,1,기술
41,Tomorrow-자매의 전쟁,궁전,1,기술
41,Tomorrow-자매의 전쟁,꿈,50,분석 및 해석
41,Tomorrow-자매의 전쟁,꿈낙원,1,기술
41,Tomorrow-자매의 전쟁,꿈같은나라,1,기술
41,Tomorrow-자매의 전쟁,꿈의나라,1,기술
41,Tomorrow-자매의 전쟁,대립,2,분석 및 해석
41,Tomorrow-자매의 전쟁,대비,8,분석 및 해석
41,Tomorrow-자매의 전쟁,대조,6,분석 및 해석
41,Tomorrow-자매의 전쟁,동화,7,기술
41,Tomorrow-자매의 전쟁,동화나라,2,기술
41,Tomorrow-자매의 전쟁,동화들,1,기술
41,Tomorrow-자매의 전쟁,동화세계,1,기술
41,Tomorrow-자매의 전쟁,동화속,1,기술
41,Tomorrow-자매의 전쟁,디즈니,2,기술
41,Tomorrow-자매의 전쟁,디즈니랜드,2,기술
41,Tomorrow-자매의 전쟁,롤러코스터,1,기술
41,Tomorrow-자매의 전쟁,만화,3,기술
41,Tomorrow-자매의 전쟁,몽상,3,분석 및 해석
41,Tomorrow-자매의 전쟁,몽환,3,분석 및 해석
41,Tomorrow-자매의 전쟁,백마,2,기술
41,Tomorrow-자매의 전쟁,백설공주,1,기술
41,Tomorrow-자매의 전쟁,변화,6,기술
41,Tomorrow-자매의 전쟁,부조화,11,분석 및 해석
41,Tomorrow-자매의 전쟁,서사적 구성,3,분석 및 해석
41,Tomorrow-자매의 전쟁,성으로,1,기술
41,Tomorrow-자매의 전쟁,성인동화,1,분석 및 해석
41,Tomorrow-자매의 전쟁,숨겨진 잔혹함,1,분석 및 해석
41,Tomorrow-자매의 전쟁,숲속,3,기술
41,Tomorrow-자매의 전쟁,시선,3,분석 및 해석
41,Tomorrow-자매의 전쟁,시원함,6,분석 및 해석
41,Tomorrow-자매의 전쟁,심오하다,49,분석 및 해석
41,Tomorrow-자매의 전쟁,애니메이션,2,기술
41,Tomorrow-자매의 전쟁,앨리스,2,기술
41,Tomorrow-자매의 전쟁,양,1,기술
41,Tomorrow-자매의 전쟁,양쪽 어린이,1,기술
41,Tomorrow-자매의 전쟁,에덴,1,기술
41,Tomorrow-자매의 전쟁,에덴동산,1,기술
41,Tomorrow-자매의 전쟁,엘프,1,기술
41,Tomorrow-자매의 전쟁,오즈의마법사,1,기술
41,Tomorrow-자매의 전쟁,오즈의성,1,기술
41,Tomorrow-자매의 전쟁,요정,2,기술
41,Tomorrow-자매의 전쟁,세계,2,기술
41,Tomorrow-자매의 전쟁,원성원,2,기술
41,Tomorrow-자매의 전쟁,이상한 나라,1,기술
41,Tomorrow-자매의 전쟁,이상한나라의앨리스,3,기술
41,Tomorrow-자매의 전쟁,이상향,2,분석 및 해석
41,Tomorrow-자매의 전쟁,인어공주,1,기술
41,Tomorrow-자매의 전쟁,인위적인,1,분석 및 해석
41,Tomorrow-자매의 전쟁,자매의 전쟁,1,기술
41,Tomorrow-자매의 전쟁,자연과인간,1,기술
41,Tomorrow-자매의 전쟁,자연의 성,1,기술
41,Tomorrow-자매의 전쟁,잔혹 동화,1,분석 및 해석
41,Tomorrow-자매의 전쟁,조형물,3,기술
41,Tomorrow-자매의 전쟁,조화,6,분석 및 해석
41,Tomorrow-자매의 전쟁,지상낙원,1,기술
41,Tomorrow-자매의 전쟁,천국,3,기술
41,Tomorrow-자매의 전쟁,파라다이스,1,기술
41,Tomorrow-자매의 전쟁,판타지,3,분석 및 해석
41,Tomorrow-자매의 전쟁,풍경,14,기술
41,Tomorrow-자매의 전쟁,해피엔딩,1,분석 및 해석
41,Tomorrow-자매의 전쟁,화려하다,1,분석 및 해석
41,Tomorrow-자매의 전쟁,환상,9,분석 및 해석
42,붐붐,감정없는,1,분석 및 해석
42,붐붐,강도,1,기술
42,붐붐,고독,11,분석 및 해석
42,붐붐,고양이,2,기술
42,붐붐,공포,15,분석 및 해석
42,붐붐,관통,1,분석 및 해석
42,붐붐,귀신,3,기술
42,붐붐,기괴함,5,분석 및 해석
42,붐붐,꿈,50,분석 및 해석
42,붐붐,나,4,기술
42,붐붐,널보고있어,1,기술
42,붐붐,눈,3,기술
42,붐붐,눈동자,1,기술
42,붐붐,눈빛,1,기술
42,붐붐,닌자,1,기술
42,붐붐,대비,8,분석 및 해석
42,붐붐,도둑,1,기술
42,붐붐,도전,2,분석 및 해석
42,붐붐,두려움,5,분석 및 해석
42,붐붐,들킴,1,분석 및 해석
42,붐붐,마녀,2,기술
42,붐붐,마스크,1,기술
42,붐붐,목격자,1,기술
42,붐붐,무기력,1,분석 및 해석
42,붐붐,무기력함,1,분석 및 해석
42,붐붐,무서움,10,분석 및 해석
42,붐붐,무서워,3,분석 및 해석
42,붐붐,무섭다,3,분석 및 해석
42,붐붐,미인,1,기술
42,붐붐,반사,2,분석 및 해석
42,붐붐,뱀파이어,1,기술
42,붐붐,보다,1,기술
42,붐붐,분노,3,분석 및 해석
42,붐붐,불꽃을 삼키다,1,분석 및 해석
42,붐붐,소름끼쳐,1,분석 및 해석
42,붐붐,심오하다,49,분석 및 해석
42,붐붐,아주무서운눈으로 바라보고있는여자의모습이아름답기도하다,1,분석 및 해석
42,붐붐,악마의 눈빛,1,분석 및 해석
42,붐붐,앞머리,1,기술
42,붐붐,여인,5,기술
42,붐붐,여자,9,기술
42,붐붐,열망,1,분석 및 해석
42,붐붐,외계인,2,기술
42,붐붐,외로움,29,분석 및 해석
42,붐붐,원자폭탄,1,기술
42,붐붐,응시,1,기술
42,붐붐,응징,1,분석 및 해석
42,붐붐,이글아이,1,기술
42,붐붐,이글이글,1,분석 및 해석
42,붐붐,이쁘다,1,분석 및 해석
42,붐붐,이슬람여성,1,기술
42,붐붐,자객,1,기술
42,붐붐,재난,1,기술
42,붐붐,전쟁,6,기술
42,붐붐,주시,1,기술
42,붐붐,죽음의순간,1,분석 및 해석
42,붐붐,지켜봄,1,기술
42,붐붐,진실,3,분석 및 해석
42,붐붐,질투,1,분석 및 해석
42,붐붐,책망,1,분석 및 해석
42,붐붐,초능력,1,분석 및 해석
42,붐붐,촌스러움,2,분석 및 해석
42,붐붐,충격,2,분석 및 해석
42,붐붐,캣츠아이,1,기술
42,붐붐,큰눈,1,기술
42,붐붐,테러리스트,1,기술
42,붐붐,폭발,2,기술
42,붐붐,핵,1,기술
42,붐붐,핵폭발,1,기술
42,붐붐,호기심,6,분석 및 해석
43,휴대용풍경n.18,가방,1,기술
43,휴대용풍경n.18,간편함,1,분석 및 해석
43,휴대용풍경n.18,갈림길,2,기술
43,휴대용풍경n.18,겨울바다,1,기술
43,휴대용풍경n.18,고독,11,분석 및 해석
43,휴대용풍경n.18,고독감,1,분석 및 해석
43,휴대용풍경n.18,고화질,1,기술
43,휴대용풍경n.18,공간,6,기술
43,휴대용풍경n.18,공허,7,분석 및 해석
43,휴대용풍경n.18,광고,2,기술
43,휴대용풍경n.18,광고의한장면,1,기술
43,휴대용풍경n.18,광인,1,기술
43,휴대용풍경n.18,교차로,1,기술
43,휴대용풍경n.18,그림안에그림,1,기술
43,휴대용풍경n.18,급행열차,1,기술
43,휴대용풍경n.18,기억,5,분석 및 해석
43,휴대용풍경n.18,기차,2,기술
43,휴대용풍경n.18,기찻길,1,기술
43,휴대용풍경n.18,길,4,기술
43,휴대용풍경n.18,길을 만들다,1,기술
43,휴대용풍경n.18,꿈,50,분석 및 해석
43,휴대용풍경n.18,낙오,1,분석 및 해석
43,휴대용풍경n.18,노트북,1,기술
43,휴대용풍경n.18,덩그러니,1,분석 및 해석
43,휴대용풍경n.18,도시,5,기술
43,휴대용풍경n.18,디지털,1,기술
43,휴대용풍경n.18,디지털유목민,1,분석 및 해석
43,휴대용풍경n.18,딴생각,1,분석 및 해석
43,휴대용풍경n.18,떠돌아다님,1,기술
43,휴대용풍경n.18,르네 마그리트,3,기술
43,휴대용풍경n.18,마법가방,1,기술
43,휴대용풍경n.18,모순,2,분석 및 해석
43,휴대용풍경n.18,바다,5,기술
43,휴대용풍경n.18,바다기차여행,1,기술
43,휴대용풍경n.18,바다로가는길,1,기술
43,휴대용풍경n.18,바다를 뚫고가다,1,기술
43,휴대용풍경n.18,바다앞기차,1,기술
43,휴대용풍경n.18,바다에 가져간 잔디,1,기술
43,휴대용풍경n.18,바다와 숲,1,기술
43,휴대용풍경n.18,바다와 육지의 이어짐,1,기술
43,휴대용풍경n.18,바다의 열차,1,기술
43,휴대용풍경n.18,바닷가의 노트북,1,기술
43,휴대용풍경n.18,박스 인 박스,1,기술
43,휴대용풍경n.18,박스,1,기술
43,휴대용풍경n.18,방수,1,기술
43,휴대용풍경n.18,컴퓨터,2,기술
43,휴대용풍경n.18,부조화,11,분석 및 해석
43,휴대용풍경n.18,분리,2,분석 및 해석
43,휴대용풍경n.18,사진,14,기술
43,휴대용풍경n.18,사진기,1,기술
43,휴대용풍경n.18,삭막함,1,분석 및 해석
43,휴대용풍경n.18,생명,4,분석 및 해석
43,휴대용풍경n.18,생생,1,분석 및 해석
43,휴대용풍경n.18,소중함,1,분석 및 해석
43,휴대용풍경n.18,소풍,1,분석 및 해석
43,휴대용풍경n.18,속박,1,분석 및 해석
43,휴대용풍경n.18,쉬고싶다,1,분석 및 해석
43,휴대용풍경n.18,슬프다,1,분석 및 해석
43,휴대용풍경n.18,시원함,6,분석 및 해석
43,휴대용풍경n.18,신비,18,분석 및 해석
43,휴대용풍경n.18,쌩뚱맞음,1,분석 및 해석
43,휴대용풍경n.18,아날로그와디지털,1,분석 및 해석
43,휴대용풍경n.18,액자,3,기술
43,휴대용풍경n.18,액자식 구성,1,분석 및 해석
43,휴대용풍경n.18,여행,4,분석 및 해석
43,휴대용풍경n.18,연결,1,분석 및 해석
43,휴대용풍경n.18,외로움,29,분석 및 해석
43,휴대용풍경n.18,유비쿼터스자연,1,분석 및 해석
43,휴대용풍경n.18,의외성,1,분석 및 해석
43,휴대용풍경n.18,이중성,4,분석 및 해석
43,휴대용풍경n.18,인공적,1,분석 및 해석
43,휴대용풍경n.18,일에 치임,1,분석 및 해석
43,휴대용풍경n.18,자연,7,기술
43,휴대용풍경n.18,자연과 디지털,1,분석 및 해석
43,휴대용풍경n.18,자연과 세상,1,분석 및 해석
43,휴대용풍경n.18,자연과 인위,1,분석 및 해석
43,휴대용풍경n.18,자연주의,1,분석 및 해석
43,휴대용풍경n.18,제멋대로,1,분석 및 해석
43,휴대용풍경n.18,조화,6,분석 및 해석
43,휴대용풍경n.18,족쇄,2,분석 및 해석
43,휴대용풍경n.18,좋다,2,분석 및 해석
43,휴대용풍경n.18,철도,2,기술
43,휴대용풍경n.18,추억,4,분석 및 해석
43,휴대용풍경n.18,카르페디엠,1,분석 및 해석
43,휴대용풍경n.18,컴퓨터,2,기술
43,휴대용풍경n.18,탈출,2,분석 및 해석
43,휴대용풍경n.18,파도,2,기술
43,휴대용풍경n.18,패러디,2,분석 및 해석
43,휴대용풍경n.18,풍경,14,기술
43,휴대용풍경n.18,합성,9,분석 및 해석
43,휴대용풍경n.18,해변,1,기술
43,휴대용풍경n.18,현대사회,2,분석 및 해석
43,휴대용풍경n.18,현실,2,분석 및 해석
44,조선역사명상열전_안압지도,고독,11,분석 및 해석
44,조선역사명상열전_안압지도,고요,4,분석 및 해석
44,조선역사명상열전_안압지도,고요함,3,분석 및 해석
44,조선역사명상열전_안압지도,고풍,1,분석 및 해석
44,조선역사명상열전_안압지도,고풍스럽네요,1,분석 및 해석
44,조선역사명상열전_안압지도,공포,15,분석 및 해석
44,조선역사명상열전_안압지도,궁궐,1,기술
44,조선역사명상열전_안압지도,귀신의집,1,기술
44,조선역사명상열전_안압지도,그곳,3,기술
44,조선역사명상열전_안압지도,그리움,6,분석 및 해석
44,조선역사명상열전_안압지도,꿈,50,분석 및 해석
44,조선역사명상열전_안압지도,나룻가,1,기술
44,조선역사명상열전_안압지도,나무,16,기술
44,조선역사명상열전_안압지도,동양,4,기술
44,조선역사명상열전_안압지도,동양적,3,분석 및 해석
44,조선역사명상열전_안압지도,동양화,3,기술
44,조선역사명상열전_안압지도,동양화틱,1,분석 및 해석
44,조선역사명상열전_안압지도,사진인화,1,기술
44,조선역사명상열전_안압지도,마을,2,기술
44,조선역사명상열전_안압지도,무채색,2,기술
44,조선역사명상열전_안압지도,바다같은강,1,기술
44,조선역사명상열전_안압지도,변질,1,분석 및 해석
44,조선역사명상열전_안압지도,사진,14,기술
44,조선역사명상열전_안압지도,산수화,5,기술
44,조선역사명상열전_안압지도,수면,1,기술
44,조선역사명상열전_안압지도,수묵화,3,기술
44,조선역사명상열전_안압지도,스산한,1,분석 및 해석
44,조선역사명상열전_안압지도,과거,4,기술
44,조선역사명상열전_안압지도,슬픔,6,분석 및 해석
44,조선역사명상열전_안압지도,습기찬,1,분석 및 해석
44,조선역사명상열전_안압지도,아침공기,1,기술
44,조선역사명상열전_안압지도,습기찬날,1,기술
44,조선역사명상열전_안압지도,시골,8,기술
44,조선역사명상열전_안압지도,심오하다,49,분석 및 해석
44,조선역사명상열전_안압지도,싸함,2,분석 및 해석
44,조선역사명상열전_안압지도,쓸쓸함,5,분석 및 해석
44,조선역사명상열전_안압지도,아련함,2,분석 및 해석
44,조선역사명상열전_안압지도,안개,1,기술
44,조선역사명상열전_안압지도,호수,4,기술
44,조선역사명상열전_안압지도,기상청,1,기술
44,조선역사명상열전_안압지도,어느날,1,기술
44,조선역사명상열전_안압지도,어떤역사,1,기술
44,조선역사명상열전_안압지도,옛날그림,1,기술
44,조선역사명상열전_안압지도,외로운,3,분석 및 해석
44,조선역사명상열전_안압지도,외로움,29,분석 및 해석
44,조선역사명상열전_안압지도,잔잔함,1,분석 및 해석
44,조선역사명상열전_안압지도,적막,4,분석 및 해석
44,조선역사명상열전_안압지도,적막감,1,분석 및 해석
44,조선역사명상열전_안압지도,전쟁직후,1,기술
44,조선역사명상열전_안압지도,정적,1,분석 및 해석
44,조선역사명상열전_안압지도,조용함,4,분석 및 해석
44,조선역사명상열전_안압지도,창덕궁,1,기술
44,조선역사명상열전_안압지도,청정,1,분석 및 해석
44,조선역사명상열전_안압지도,초가집,1,기술
44,조선역사명상열전_안압지도,추움,3,분석 및 해석
44,조선역사명상열전_안압지도,평화,3,분석 및 해석
44,조선역사명상열전_안압지도,폐허,2,분석 및 해석
44,조선역사명상열전_안압지도,풍경,14,기술
44,조선역사명상열전_안압지도,한가,1,분석 및 해석
44,조선역사명상열전_안압지도,한국화,5,기술
44,조선역사명상열전_안압지도,한산,1,분석 및 해석
44,조선역사명상열전_안압지도,한적,1,분석 및 해석
44,조선역사명상열전_안압지도,호수,4,기술
44,조선역사명상열전_안압지도,호숫가,1,기술
44,조선역사명상열전_안압지도,회상,2,분석 및 해석
44,조선역사명상열전_안압지도,흐림,2,분석 및 해석
44,조선역사명상열전_안압지도,흑백,4,기술
44,조선역사명상열전_안압지도,흑백사진,2,기술
44,조선역사명상열전_안압지도,흰색,2,기술
45,전사들,가발,1,기술
45,전사들,고독,11,분석 및 해석
45,전사들,곧예뻐질거야,1,분석 및 해석
45,전사들,공감되지않음,1,분석 및 해석
45,전사들,공포,15,분석 및 해석
45,전사들,공포영화,3,분석 및 해석
45,전사들,관중,1,기술
45,전사들,군중,1,기술
45,전사들,기괴,7,분석 및 해석
45,전사들,기괴함,5,분석 및 해석
45,전사들,꿈,50,분석 및 해석
45,전사들,달리,2,기술
45,전사들,동일함,2,분석 및 해석
45,전사들,모두 같음,1,분석 및 해석
45,전사들,두려움,5,분석 및 해석
45,전사들,두상,2,기술
45,전사들,뒷모습,2,기술
45,전사들,레디메이드,2,기술
45,전사들,로봇,1,기술
45,전사들,마네킹,1,기술
45,전사들,머리,1,기술
45,전사들,머리뒤통수,1,기술
45,전사들,머리들,1,기술
45,전사들,모던타임즈,1,기술
45,전사들,목,1,기술
45,전사들,미용,1,기술
45,전사들,미용사,1,기술
45,전사들,미용실,1,기술
45,전사들,반짝 배열,1,분석 및 해석
45,전사들,변태,1,분석 및 해석
45,전사들,복사본,1,기술
45,전사들,복제,1,분석 및 해석
45,전사들,복제시대,1,분석 및 해석
45,전사들,분홍색,1,기술
45,전사들,불쾌함,3,분석 및 해석
45,전사들,비달사순,1,분석 및 해석
45,전사들,비인간적,1,분석 및 해석
45,전사들,살인,2,분석 및 해석
45,전사들,섬뜩,2,분석 및 해석
45,전사들,섬뜩함,1,분석 및 해석
45,전사들,성형,1,분석 및 해석
45,전사들,세기말 소모품,1,기술
45,전사들,신체이미지,2,기술
45,전사들,실체,3,분석 및 해석
45,전사들,심오하다,49,분석 및 해석
45,전사들,아이디어,1,분석 및 해석
45,전사들,아이러니,2,분석 및 해석
45,전사들,아일랜드,1,기술
45,전사들,암담함,1,분석 및 해석
45,전사들,압박,2,분석 및 해석
45,전사들,얼굴,4,기술
45,전사들,얼굴전구,1,기술
45,전사들,웃음,2,분석 및 해석
45,전사들,이강우,1,기술
45,전사들,인간,4,기술
45,전사들,인간신체 기계화,1,분석 및 해석
45,전사들,인위적전구,1,기술
45,전사들,정형화,1,분석 및 해석
45,전사들,핑크중독,1,분석 및 해석
45,전사들,헤어디자이너,1,기술
45,전사들,현대문명,2,분석 및 해석
45,전사들,현대사회구성원들,1,기술
45,전사들,현대인,2,기술
45,전사들,형광등,1,기술
45,전사들,획일화,1,분석 및 해석
46,구도,간디,1,기술
46,구도,고뇌,2,분석 및 해석
46,구도,고뇌와번뇌,1,분석 및 해석
46,구도,고달픈스님,1,기술
46,구도,고독,11,분석 및 해석
46,구도,고독을 곱씹다,1,분석 및 해석
46,구도,고통,4,분석 및 해석
46,구도,공포,15,분석 및 해석
46,구도,구도,1,분석 및 해석
46,구도,구원,1,분석 및 해석
46,구도,깨달음,2,분석 및 해석
46,구도,꿈,50,분석 및 해석
46,구도,나무관세음보살,1,분석 및 해석
46,구도,노력,1,분석 및 해석
46,구도,노승,1,기술
46,구도,노인,2,기술
46,구도,달관,1,기술
46,구도,답답함,2,분석 및 해석
46,구도,돌담,1,기술
46,구도,동굴,1,기술
46,구도,동굴속,1,기술
46,구도,두개골,1,기술
46,구도,두려움,5,분석 및 해석
46,구도,등신불,1,기술
46,구도,마지막 번뇌,1,분석 및 해석
46,구도,속죄,1,분석 및 해석
46,구도,수도,2,기술
46,구도,수행,1,기술
46,구도,스님,1,기술
46,구도,스승,1,기술
46,구도,슬픔,6,분석 및 해석
46,구도,승려,1,기술
46,구도,아귀,1,기술
46,구도,아픔,2,분석 및 해석
46,구도,열반,1,기술
46,구도,열반을 위해,1,기술
46,구도,원효,1,기술
46,구도,원효대사,1,기술
46,구도,인생,6,분석 및 해석
46,구도,일체유심조,1,분석 및 해석
46,구도,종교,1,분석 및 해석
46,구도,죽음,7,분석 및 해석
46,구도,초탈,1,분석 및 해석
46,구도,탈피,1,분석 및 해석
46,구도,투박,1,분석 및 해석
46,구도,해골,3,기술
46,구도,해골물,1,기술
46,구도,해탈,1,분석 및 해석
46,구도,험난한구도의길,1,분석 및 해석
47,두개의 얼굴-이중섭,강박,2,분석 및 해석
47,두개의 얼굴-이중섭,강박증,1,분석 및 해석
47,두개의 얼굴-이중섭,고정,1,분석 및 해석
47,두개의 얼굴-이중섭,공포,15,분석 및 해석
47,두개의 얼굴-이중섭,꿈,50,분석 및 해석
47,두개의 얼굴-이중섭,나는 나다,1,분석 및 해석
47,두개의 얼굴-이중섭,나를 만든 나,1,분석 및 해석
47,두개의 얼굴-이중섭,나무,16,기술
47,두개의 얼굴-이중섭,단위,1,분석 및 해석
47,두개의 얼굴-이중섭,독립지사사진,1,기술
47,두개의 얼굴-이중섭,메두사,2,기술
47,두개의 얼굴-이중섭,명암,3,기술
47,두개의 얼굴-이중섭,모두는하나를위해,1,분석 및 해석
47,두개의 얼굴-이중섭,모음,1,분석 및 해석
47,두개의 얼굴-이중섭,모자이크,2,기술
47,두개의 얼굴-이중섭,몽타주,1,기술
47,두개의 얼굴-이중섭,무서움,10,분석 및 해석
47,두개의 얼굴-이중섭,무한반복,1,분석 및 해석
47,두개의 얼굴-이중섭,미소,1,기술
47,두개의 얼굴-이중섭,반복,2,분석 및 해석
47,두개의 얼굴-이중섭,백개의 얼굴,1,기술
47,두개의 얼굴-이중섭,보고싶어요,1,분석 및 해석
47,두개의 얼굴-이중섭,복잡,5,분석 및 해석
47,두개의 얼굴-이중섭,분열,1,분석 및 해석
47,두개의 얼굴-이중섭,사람,9,기술
47,두개의 얼굴-이중섭,사람속사람,1,기술
47,두개의 얼굴-이중섭,숲,6,기술
47,두개의 얼굴-이중섭,신비,18,분석 및 해석
47,두개의 얼굴-이중섭,실체,3,분석 및 해석
47,두개의 얼굴-이중섭,심오하다,49,분석 및 해석
47,두개의 얼굴-이중섭,안중근,1,기술
47,두개의 얼굴-이중섭,앤디 워홀,2,기술
47,두개의 얼굴-이중섭,어지러움,6,분석 및 해석
47,두개의 얼굴-이중섭,얼굴,4,기술
47,두개의 얼굴-이중섭,얼굴모임,1,기술
47,두개의 얼굴-이중섭,얼짱,1,기술
47,두개의 얼굴-이중섭,연꽃남자,1,기술
47,두개의 얼굴-이중섭,외로움,29,분석 및 해석
47,두개의 얼굴-이중섭,우리는하나,1,분석 및 해석
47,두개의 얼굴-이중섭,이중섭,1,기술
47,두개의 얼굴-이중섭,이중성,4,분석 및 해석
47,두개의 얼굴-이중섭,인물,3,기술
47,두개의 얼굴-이중섭,인물화,2,기술
47,두개의 얼굴-이중섭,인자함,1,분석 및 해석
47,두개의 얼굴-이중섭,점,2,기술
47,두개의 얼굴-이중섭,점묘,1,기술
47,두개의 얼굴-이중섭,지킬앤하이드,1,기술
47,두개의 얼굴-이중섭,초록빛,1,기술
47,두개의 얼굴-이중섭,초상화,2,기술
47,두개의 얼굴-이중섭,콧수염,1,기술
47,두개의 얼굴-이중섭,팝아트,4,기술
47,두개의 얼굴-이중섭,퍼즐,1,기술
47,두개의 얼굴-이중섭,포스터,2,기술
47,두개의 얼굴-이중섭,프린트,1,기술
47,두개의 얼굴-이중섭,합성,9,분석 및 해석
48,"먹을것들, 혹은 먹힐것들",갇힘,1,분석 및 해석
48,"먹을것들, 혹은 먹힐것들",거꾸로생각하기,1,분석 및 해석
48,"먹을것들, 혹은 먹힐것들",건져올림,1,기술
48,"먹을것들, 혹은 먹힐것들",공중부양,2,기술
48,"먹을것들, 혹은 먹힐것들",공포,15,분석 및 해석
48,"먹을것들, 혹은 먹힐것들",귀신의눈,1,기술
48,"먹을것들, 혹은 먹힐것들",꿈,50,분석 및 해석
48,"먹을것들, 혹은 먹힐것들",나무,16,기술
48,"먹을것들, 혹은 먹힐것들",나무결,1,기술
48,"먹을것들, 혹은 먹힐것들",낙하,3,분석 및 해석
48,"먹을것들, 혹은 먹힐것들",내려오다,1,기술
48,"먹을것들, 혹은 먹힐것들",다이어트,3,기술
48,"먹을것들, 혹은 먹힐것들",떨어짐,3,분석 및 해석
48,"먹을것들, 혹은 먹힐것들",마지막만찬,1,기술
48,"먹을것들, 혹은 먹힐것들",만찬,1,기술
48,"먹을것들, 혹은 먹힐것들",머리삔,1,기술
48,"먹을것들, 혹은 먹힐것들",무너지다,1,분석 및 해석
48,"먹을것들, 혹은 먹힐것들",무너짐,1,분석 및 해석
48,"먹을것들, 혹은 먹힐것들",무서움,10,분석 및 해석
48,"먹을것들, 혹은 먹힐것들",미니어쳐,1,기술
48,"먹을것들, 혹은 먹힐것들",반전,6,분석 및 해석
48,"먹을것들, 혹은 먹힐것들",밥,3,기술
48,"먹을것들, 혹은 먹힐것들",배고픔,2,분석 및 해석
48,"먹을것들, 혹은 먹힐것들",부질없음,1,분석 및 해석
48,"먹을것들, 혹은 먹힐것들",떠있는 듯한 느낌,1,기술
48,"먹을것들, 혹은 먹힐것들",뷔페,1,기술
48,"먹을것들, 혹은 먹힐것들",비,2,기술
48,"먹을것들, 혹은 먹힐것들",비오는 날,1,기술
48,"먹을것들, 혹은 먹힐것들",순수,1,분석 및 해석
48,"먹을것들, 혹은 먹힐것들",식사,2,기술
48,"먹을것들, 혹은 먹힐것들",식사뷔페,1,기술
48,"먹을것들, 혹은 먹힐것들",식탁,1,기술
48,"먹을것들, 혹은 먹힐것들",식탁을겨누고있는총,1,기술
48,"먹을것들, 혹은 먹힐것들",식탐의만찬,1,기술
48,"먹을것들, 혹은 먹힐것들",심오하다,49,분석 및 해석
48,"먹을것들, 혹은 먹힐것들",쏟아지다,1,기술
48,"먹을것들, 혹은 먹힐것들",쏟아짐,1,기술
48,"먹을것들, 혹은 먹힐것들",쓸리다,1,기술
48,"먹을것들, 혹은 먹힐것들",아이스,1,기술
48,"먹을것들, 혹은 먹힐것들",어두움,7,분석 및 해석
48,"먹을것들, 혹은 먹힐것들",어둠,4,분석 및 해석
48,"먹을것들, 혹은 먹힐것들",어지러움,6,분석 및 해석
48,"먹을것들, 혹은 먹힐것들",유근택,1,기술
48,"먹을것들, 혹은 먹힐것들",음식,1,기술
48,"먹을것들, 혹은 먹힐것들",이상한나라의앨리스,3,기술
48,"먹을것들, 혹은 먹힐것들",있는듯없는듯,1,분석 및 해석
48,"먹을것들, 혹은 먹힐것들",잡동사니,1,분석 및 해석
48,"먹을것들, 혹은 먹힐것들",제물,1,기술
48,"먹을것들, 혹은 먹힐것들",주르륵,1,분석 및 해석
48,"먹을것들, 혹은 먹힐것들",죽음의만찬,1,기술
48,"먹을것들, 혹은 먹힐것들",진수성찬,1,기술
48,"먹을것들, 혹은 먹힐것들",찬란한식탁,1,기술
48,"먹을것들, 혹은 먹힐것들",최후의식탐,1,기술
48,"먹을것들, 혹은 먹힐것들",최후의만찬,2,기술
48,"먹을것들, 혹은 먹힐것들",추락,2,분석 및 해석
48,"먹을것들, 혹은 먹힐것들",축축함,1,분석 및 해석
48,"먹을것들, 혹은 먹힐것들",탐욕,1,분석 및 해석
48,"먹을것들, 혹은 먹힐것들",테이블,1,기술
48,"먹을것들, 혹은 먹힐것들",티파티,1,기술
48,"먹을것들, 혹은 먹힐것들",파티,3,기술
48,"먹을것들, 혹은 먹힐것들",하얀피,1,기술
48,"먹을것들, 혹은 먹힐것들",허기 혹은 환상,1,분석 및 해석
48,"먹을것들, 혹은 먹힐것들",후퇴,1,분석 및 해석
48,"먹을것들, 혹은 먹힐것들",흐름,3,분석 및 해석
48,"먹을것들, 혹은 먹힐것들",흘러내림,3,분석 및 해석
49,사라지다,각도,1,기술
49,사라지다,건축적,1,분석 및 해석
49,사라지다,고요,4,분석 및 해석
49,사라지다,고요함,3,분석 및 해석
49,사라지다,공간,6,기술
49,사라지다,공허,7,분석 및 해석
49,사라지다,그리움,6,분석 및 해석
49,사라지다,그림자,3,기술
49,사라지다,기다리다,2,분석 및 해석
49,사라지다,기대고싶은공간,1,분석 및 해석
49,사라지다,기묘함,1,분석 및 해석
49,사라지다,나른한오후,1,기술
49,사라지다,나른함,2,분석 및 해석
49,사라지다,내방,1,기술
49,사라지다,노을,2,기술
49,사라지다,단란함,1,분석 및 해석
49,사라지다,단조롭다,1,분석 및 해석
49,사라지다,따사로운햇살,1,기술
49,사라지다,땅거미,1,기술
49,사라지다,모던,2,분석 및 해석
49,사라지다,모형,3,기술
49,사라지다,미술,1,기술
49,사라지다,방,3,기술
49,사라지다,방안,2,기술
49,사라지다,별일없는오후,1,기술
49,사라지다,불,5,기술
49,사라지다,불길함,1,분석 및 해석
49,사라지다,빈 공간,1,분석 및 해석
49,사라지다,빛,9,기술
49,사라지다,빛과 그림자,2,기술
49,사라지다,빛을 향해,1,분석 및 해석
49,사라지다,빛이들어오는창,1,기술
49,사라지다,사라짐,2,분석 및 해석
49,사라지다,사무실,1,기술
49,사라지다,사선,2,기술
49,사라지다,사진,14,기술
49,사라지다,서재,1,기술
49,사라지다,석양,2,기술
49,사라지다,선크림,1,기술
49,사라지다,심오하다,49,분석 및 해석
49,사라지다,쓸쓸함,5,분석 및 해석
49,사라지다,어떤 날,1,기술
49,사라지다,어스름,1,기술
49,사라지다,에드워드 호퍼,1,기술
49,사라지다,여유,3,분석 및 해석
49,사라지다,예쁘다,12,분석 및 해석
49,사라지다,예상치못한,1,분석 및 해석
49,사라지다,오피스텔,1,기술
49,사라지다,오후의햇살,1,기술
49,사라지다,외로움,29,분석 및 해석
49,사라지다,위험,1,분석 및 해석
49,사라지다,의도적,1,분석 및 해석
49,사라지다,의자,1,기술
49,사라지다,이별,1,분석 및 해석
49,사라지다,작업실,1,기술
49,사라지다,저녁,2,기술
49,사라지다,전쟁,6,기술
49,사라지다,조각,4,기술
49,사라지다,조용함,4,분석 및 해석
49,사라지다,창문,3,기술
49,사라지다,채광,1,기술
49,사라지다,커피,1,기술
49,사라지다,컴퓨터그래픽,1,기술
49,사라지다,타자,1,기술
49,사라지다,푹풍전야,1,분석 및 해석
49,사라지다,해질녁,1,기술
49,사라지다,햇빛,2,기술
49,사라지다,햇살,2,기술
49,사라지다,허망,1,분석 및 해석
49,사라지다,허무,1,분석 및 해석
49,사라지다,화실,1,기술
49,사라지다,화재,4,기술
49,사라지다,흔적,2,분석 및 해석
49,사라지다,희망,6,분석 및 해석
50,옮겨진 산수-유람기2,가고싶다,2,분석 및 해석
50,옮겨진 산수-유람기2,게임,1,기술
50,옮겨진 산수-유람기2,게임속,1,기술
50,옮겨진 산수-유람기2,게임속나라,1,기술
50,옮겨진 산수-유람기2,겨울,7,기술
50,옮겨진 산수-유람기2,경주,1,기술
50,옮겨진 산수-유람기2,경쾌,1,분석 및 해석
50,옮겨진 산수-유람기2,공상,1,분석 및 해석
50,옮겨진 산수-유람기2,공상과학,1,분석 및 해석
50,옮겨진 산수-유람기2,광경,1,분석 및 해석
50,옮겨진 산수-유람기2,근하신년,1,기술
50,옮겨진 산수-유람기2,꿈,50,분석 및 해석
50,옮겨진 산수-유람기2,낙원으로 가는 길,1,기술
50,옮겨진 산수-유람기2,낙원의 길,1,기술
50,옮겨진 산수-유람기2,낙하,3,분석 및 해석
50,옮겨진 산수-유람기2,놀러가고싶다,1,분석 및 해석
50,옮겨진 산수-유람기2,도형,1,기술
50,옮겨진 산수-유람기2,동화,7,분석 및 해석
50,옮겨진 산수-유람기2,맑음,1,분석 및 해석
50,옮겨진 산수-유람기2,모조품,1,기술
50,옮겨진 산수-유람기2,모형,3,기술
50,옮겨진 산수-유람기2,무릉도원,2,기술
50,옮겨진 산수-유람기2,북극,2,기술
50,옮겨진 산수-유람기2,비현실,4,분석 및 해석
50,옮겨진 산수-유람기2,비현실적,2,분석 및 해석
50,옮겨진 산수-유람기2,빙산의각들,1,기술
50,옮겨진 산수-유람기2,빼꼼,1,분석 및 해석
50,옮겨진 산수-유람기2,뾰족 산,1,기술
50,옮겨진 산수-유람기2,산수화,5,기술
50,옮겨진 산수-유람기2,상상,3,분석 및 해석
50,옮겨진 산수-유람기2,상어,2,기술
50,옮겨진 산수-유람기2,세상,2,기술
50,옮겨진 산수-유람기2,스키,1,기술
50,옮겨진 산수-유람기2,신비로운,1,분석 및 해석
50,옮겨진 산수-유람기2,신선세계,2,기술
50,옮겨진 산수-유람기2,신세계,2,분석 및 해석
50,옮겨진 산수-유람기2,신의나라,1,기술
50,옮겨진 산수-유람기2,심오하다,49,분석 및 해석
50,옮겨진 산수-유람기2,십장생,1,기술
50,옮겨진 산수-유람기2,아득함,3,분석 및 해석
50,옮겨진 산수-유람기2,아바타,3,기술
50,옮겨진 산수-유람기2,애니메이션,2,기술
50,옮겨진 산수-유람기2,예쁘다,12,분석 및 해석
50,옮겨진 산수-유람기2,외로움,29,분석 및 해석
50,옮겨진 산수-유람기2,우키요에,1,기술
50,옮겨진 산수-유람기2,원근감,2,기술
50,옮겨진 산수-유람기2,인공,2,기술
50,옮겨진 산수-유람기2,인공산,1,기술
50,옮겨진 산수-유람기2,인위적,2,분석 및 해석
50,옮겨진 산수-유람기2,입체,3,기술
50,옮겨진 산수-유람기2,장난감,1,기술
50,옮겨진 산수-유람기2,장면,1,기술
50,옮겨진 산수-유람기2,재해석,1,분석 및 해석
50,옮겨진 산수-유람기2,조각,4,기술
50,옮겨진 산수-유람기2,조각같다,1,분석 및 해석
50,옮겨진 산수-유람기2,조형물,3,기술
50,옮겨진 산수-유람기2,종이,1,기술
50,옮겨진 산수-유람기2,종이공예,1,기술
50,옮겨진 산수-유람기2,종이산,2,기술
50,옮겨진 산수-유람기2,중국,8,기술
50,옮겨진 산수-유람기2,천국,3,기술
50,옮겨진 산수-유람기2,청산,1,기술
50,옮겨진 산수-유람기2,판타지,3,분석 및 해석
50,옮겨진 산수-유람기2,풀,1,기술
50,옮겨진 산수-유람기2,피규어,1,기술
50,옮겨진 산수-유람기2,하늘,9,기술
50,옮겨진 산수-유람기2,하늘나라,1,기술
50,옮겨진 산수-유람기2,하늘위에서,1,기술
50,옮겨진 산수-유람기2,합성,9,분석 및 해석
50,옮겨진 산수-유람기2,해,2,기술
50,옮겨진 산수-유람기2,해와 달,1,기술
50,옮겨진 산수-유람기2,현대적,2,분석 및 해석
50,옮겨진 산수-유람기2,병풍,3,기술
50,옮겨진 산수-유람기2,환상,9,분석 및 해석
50,옮겨진 산수-유람기2,흰색,2,기술
50,옮겨진 산수-유람기2,히말라야,1,기술
51,바나나 카페,개성의 부재,1,분석 및 해석
51,바나나 카페,걸리버여행기,1,기술
51,바나나 카페,공수된 바나나,1,기술
51,바나나 카페,괴짜,1,분석 및 해석
51,바나나 카페,구호물자,1,기술
51,바나나 카페,귀여움,3,분석 및 해석
51,바나나 카페,꼴라쥬,3,기술
51,바나나 카페,꿈,50,분석 및 해석
51,바나나 카페,낙원,3,기술
51,바나나 카페,남미,1,기술
51,바나나 카페,남미화풍,1,분석 및 해석
51,바나나 카페,노랑,1,기술
51,바나나 카페,놀고싶다,1,분석 및 해석
51,바나나 카페,놀이터,2,기술
51,바나나 카페,다양성,2,분석 및 해석
51,바나나 카페,다채로움,1,분석 및 해석
51,바나나 카페,대피소,1,기술
51,바나나 카페,동화,7,분석 및 해석
51,바나나 카페,동화같지만,1,분석 및 해석
51,바나나 카페,동화나라,2,분석 및 해석
51,바나나 카페,디즈니,2,기술
51,바나나 카페,라틴아메리카,1,기술
51,바나나 카페,만화,3,기술
51,바나나 카페,만화같은,1,분석 및 해석
51,바나나 카페,몽키매직,2,기술
51,바나나 카페,바나나,1,기술
51,바나나 카페,바나나가웃으면,1,분석 및 해석
51,바나나 카페,바나나는맛있다.,1,분석 및 해석
51,바나나 카페,바나나마을,1,기술
51,바나나 카페,바나나천국,1,기술
51,바나나 카페,방주,1,기술
51,바나나 카페,복잡,5,분석 및 해석
51,바나나 카페,부자,1,기술
51,바나나 카페,부조화,11,분석 및 해석
51,바나나 카페,분주함,2,분석 및 해석
51,바나나 카페,사람,9,기술
51,바나나 카페,사람들,1,기술
51,바나나 카페,사회주의,1,분석 및 해석
51,바나나 카페,사회참여적,2,분석 및 해석
51,바나나 카페,샤갈,1,기술
51,바나나 카페,서사적 구성,3,분석 및 해석
51,바나나 카페,서커스,3,기술
51,바나나 카페,세계인,1,기술
51,바나나 카페,신나는,1,분석 및 해석
51,바나나 카페,신대륙,1,기술
51,바나나 카페,신인류,1,기술
51,바나나 카페,신지옥도,1,기술
51,바나나 카페,심슨이웃,1,기술
51,바나나 카페,심오하다,49,분석 및 해석
51,바나나 카페,심플,9,분석 및 해석
51,바나나 카페,아프리카,3,기술
51,바나나 카페,앨리스,2,기술
51,바나나 카페,어지러움,6,분석 및 해석
51,바나나 카페,여기에살고싶지않아,1,분석 및 해석
51,바나나 카페,엽기,1,분석 및 해석
51,바나나 카페,영화관,1,기술
51,바나나 카페,오손도손,1,분석 및 해석
51,바나나 카페,오염,2,분석 및 해석
51,바나나 카페,왁자지껄,1,분석 및 해석
51,바나나 카페,외로움,29,분석 및 해석
51,바나나 카페,원색,1,기술
51,바나나 카페,유쾌함,1,분석 및 해석
51,바나나 카페,이국적,3,분석 및 해석
51,바나나 카페,이흥덕,1,기술
51,바나나 카페,인간,4,기술
51,바나나 카페,재미,1,분석 및 해석
51,바나나 카페,재밌다,1,분석 및 해석
51,바나나 카페,전쟁,6,기술
51,바나나 카페,동화,7,분석 및 해석
51,바나나 카페,정신없음,2,분석 및 해석
51,바나나 카페,제3세계,1,기술
51,바나나 카페,제국주의,1,분석 및 해석
51,바나나 카페,추상,3,분석 및 해석
51,바나나 카페,축제,3,기술
51,바나나 카페,출동,1,기술
51,바나나 카페,파티,3,기술
51,바나나 카페,팝아트,4,기술
51,바나나 카페,패러디,2,분석 및 해석
51,바나나 카페,핀란드,1,기술
51,바나나 카페,필리핀,1,기술
51,바나나 카페,하늘,9,기술
51,바나나 카페,현대인,2,기술
51,바나나 카페,활기,1,분석 및 해석
51,바나나 카페,황금,1,기술
51,바나나 카페,황금만능주의,1,분석 및 해석
52,포도,개성적사실주의,1,분석 및 해석
52,포도,거봉,1,기술
52,포도,검은포도,1,기술
52,포도,검정,2,기술
52,포도,검정포도,1,기술
52,포도,결실,1,분석 및 해석
52,포도,공포,15,분석 및 해석
52,포도,기억,5,분석 및 해석
52,포도,꼴라주,1,기술
52,포도,꿈,50,분석 및 해석
52,포도,냉정,1,분석 및 해석
52,포도,단추,1,기술
52,포도,돈,1,기술
52,포도,동전으로된포도,1,기술
52,포도,딱딱함,2,분석 및 해석
52,포도,떨이포도,1,기술
52,포도,말라버린,1,기술
52,포도,말라비틀어진,1,기술
52,포도,모양,2,기술
52,포도,발사믹,1,기술
52,포도,부식,1,분석 및 해석
52,포도,브랜드포도,1,기술
52,포도,사그라듬,1,기술
52,포도,상함,1,기술
52,포도,생명,4,분석 및 해석
52,포도,순대,1,기술
52,포도,숫자,1,기술
52,포도,스트레스,1,분석 및 해석
52,포도,슬픔,6,분석 및 해석
52,포도,식물,1,기술
52,포도,실타래,1,기술
52,포도,심오하다,49,분석 및 해석
52,포도,썩은,2,분석 및 해석
52,포도,썩은,2,분석 및 해석
52,포도,포도,2,기술
52,포도,썩음,1,기술
52,포도,엉킴,2,기술
52,포도,예쁘다,12,분석 및 해석
52,포도,오래됨,1,분석 및 해석
52,포도,오묘함,1,분석 및 해석
52,포도,와인,1,기술
52,포도,외면,1,분석 및 해석
52,포도,잉태,2,분석 및 해석
52,포도,적자포도,1,기술
52,포도,전구알,1,기술
52,포도,정물,3,기술
52,포도,족쇄,2,기술
52,포도,진한향,1,기술
52,포도,징그러움,8,분석 및 해석
52,포도,차가움,4,분석 및 해석
52,포도,탄생,3,분석 및 해석
52,포도,파괴,4,분석 및 해석
52,포도,폐허,2,분석 및 해석
52,포도,포도,2,기술
52,포도,포도덩쿨,1,기술
52,포도,포도송이,1,기술
52,포도,포도알,1,기술
52,포도,포도와 포도주,1,기술
52,포도,포도의사회화,1,분석 및 해석
52,포도,포도폭탄,1,기술
53,루머건_환각적 비행,가상,2,분석 및 해석
53,루머건_환각적 비행,감옥,5,기술
53,루머건_환각적 비행,건물,1,기술
53,루머건_환각적 비행,건축,2,기술
53,루머건_환각적 비행,겨냥,1,기술
53,루머건_환각적 비행,구속,2,분석 및 해석
53,루머건_환각적 비행,굴절그림,1,기술
53,루머건_환각적 비행,그림자놀이,1,기술
53,루머건_환각적 비행,기술,1,분석 및 해석
53,루머건_환각적 비행,꿈,50,분석 및 해석
53,루머건_환각적 비행,나비,1,기술
53,루머건_환각적 비행,날개짓,1,기술
53,루머건_환각적 비행,날다,2,분석 및 해석
53,루머건_환각적 비행,낡음,2,분석 및 해석
53,루머건_환각적 비행,노란,1,기술
53,루머건_환각적 비행,노란색,2,기술
53,루머건_환각적 비행,덧그림,1,기술
53,루머건_환각적 비행,도시,5,기술
53,루머건_환각적 비행,도심속나비,1,기술
53,루머건_환각적 비행,도전,2,분석 및 해석
53,루머건_환각적 비행,독특,2,분석 및 해석
53,루머건_환각적 비행,딱딱함,2,분석 및 해석
53,루머건_환각적 비행,레이저,1,기술
53,루머건_환각적 비행,레이저쇼,1,기술
53,루머건_환각적 비행,마술사,1,기술
53,루머건_환각적 비행,만화적,1,분석 및 해석
53,루머건_환각적 비행,말도안되는,1,분석 및 해석
53,루머건_환각적 비행,모험,1,분석 및 해석
53,루머건_환각적 비행,목표,1,분석 및 해석
53,루머건_환각적 비행,물감,1,기술
53,루머건_환각적 비행,반사 받아라,1,기술
53,루머건_환각적 비행,발사,1,분석 및 해석
53,루머건_환각적 비행,벽,1,기술
53,루머건_환각적 비행,별을 쏘다,1,기술
53,루머건_환각적 비행,보이지않는벽,1,기술
53,루머건_환각적 비행,본드,1,기술
53,루머건_환각적 비행,비상,2,분석 및 해석
53,루머건_환각적 비행,비일상성,1,분석 및 해석
53,루머건_환각적 비행,비틀기,1,기술
53,루머건_환각적 비행,비행,2,기술
53,루머건_환각적 비행,비현실,4,분석 및 해석
53,루머건_환각적 비행,빌딩,3,기술
53,루머건_환각적 비행,빛,9,기술
53,루머건_환각적 비행,빛의 청소,1,분석 및 해석
53,루머건_환각적 비행,삐뚤어진포수,1,기술
53,루머건_환각적 비행,사진,14,기술
53,루머건_환각적 비행,사진사,1,기술
53,루머건_환각적 비행,사진효과,1,분석 및 해석
53,루머건_환각적 비행,상상력,1,분석 및 해석
53,루머건_환각적 비행,상자,1,기술
53,루머건_환각적 비행,색채,3,기술
53,루머건_환각적 비행,슈팅,1,기술
53,루머건_환각적 비행,신기,1,분석 및 해석
53,루머건_환각적 비행,신비,18,분석 및 해석
53,루머건_환각적 비행,신호,1,기술
53,루머건_환각적 비행,심오하다,49,분석 및 해석
53,루머건_환각적 비행,쏴라,1,기술
53,루머건_환각적 비행,어긋남,2,분석 및 해석
53,루머건_환각적 비행,연대,1,분석 및 해석
53,루머건_환각적 비행,유머,1,분석 및 해석
53,루머건_환각적 비행,일파만파,1,분석 및 해석
53,루머건_환각적 비행,자유,8,분석 및 해석
53,루머건_환각적 비행,잠자리,1,기술
53,루머건_환각적 비행,장난,2,분석 및 해석
53,루머건_환각적 비행,장총,1,기술
53,루머건_환각적 비행,저격수,1,기술
53,루머건_환각적 비행,적성이맞지않은포수,1,기술
53,루머건_환각적 비행,조명,4,기술
53,루머건_환각적 비행,조준,1,기술
53,루머건_환각적 비행,중절모,1,기술
53,루머건_환각적 비행,지붕,1,기술
53,루머건_환각적 비행,청소,1,기술
53,루머건_환각적 비행,총,1,기술
53,루머건_환각적 비행,탐색중,1,기술
53,루머건_환각적 비행,튀어오름,1,기술
53,루머건_환각적 비행,팝아트,4,기술
53,루머건_환각적 비행,학교,1,기술
53,루머건_환각적 비행,합성,9,분석 및 해석
53,루머건_환각적 비행,현대건축의재료,1,기술
53,루머건_환각적 비행,현학,1,분석 및 해석
53,루머건_환각적 비행,환각,2,분석 및 해석
53,루머건_환각적 비행,희망을 쏘다,1,분석 및 해석
54,Tourist,가짜,4,분석 및 해석
54,Tourist,갇혀있어,1,기술
54,Tourist,갈증,2,분석 및 해석
54,Tourist,꿈,50,분석 및 해석
54,Tourist,나좀뽑아줘요,1,분석 및 해석
54,Tourist,내자판기,1,기술
54,Tourist,네스카페,1,기술
54,Tourist,다양성,2,분석 및 해석
54,Tourist,단절,3,분석 및 해석
54,Tourist,디아색,1,기술
54,Tourist,레디메이드,2,기술
54,Tourist,맛,1,분석 및 해석
54,Tourist,면접,1,분석 및 해석
54,Tourist,목마르다,1,분석 및 해석
54,Tourist,목마름,2,분석 및 해석
54,Tourist,배치,2,기술
54,Tourist,부끄러움,2,분석 및 해석
54,Tourist,부자연,2,분석 및 해석
54,Tourist,부자연스러움,2,분석 및 해석
54,Tourist,부자유,1,분석 및 해석
54,Tourist,비싼자판기,1,기술
54,Tourist,사줘,1,분석 및 해석
54,Tourist,상품,2,기술
54,Tourist,서있는일상,1,분석 및 해석
54,Tourist,선의효과,1,기술
54,Tourist,선택,3,분석 및 해석
54,Tourist,선택의기로,1,분석 및 해석
54,Tourist,소비,2,분석 및 해석
54,Tourist,쇼윈도,1,기술
54,Tourist,시원함,6,분석 및 해석
54,Tourist,심오하다,49,분석 및 해석
54,Tourist,안과 겉,1,분석 및 해석
54,Tourist,앤디,1,기술
54,Tourist,워홀,1,기술
54,Tourist,여전히,1,분석 및 해석
54,Tourist,여행객,1,기술
54,Tourist,외국,1,기술
54,Tourist,운동,1,기술
54,Tourist,음료,1,기술
54,Tourist,음료수,1,기술
54,Tourist,일본,5,기술
54,Tourist,일상,1,기술
54,Tourist,일상의왜곡,1,분석 및 해석
54,Tourist,입사,1,분석 및 해석
54,Tourist,자동판매기,1,기술
54,Tourist,자본주의,1,분석 및 해석
54,Tourist,자판기,1,기술
54,Tourist,재치,1,분석 및 해석
54,Tourist,정렬,1,분석 및 해석
54,Tourist,제품진열,1,기술
54,Tourist,조잡한,1,분석 및 해석
54,Tourist,진실,3,분석 및 해석
54,Tourist,진열,1,분석 및 해석
54,Tourist,질서,1,분석 및 해석
54,Tourist,집중,2,분석 및 해석
54,Tourist,차가워,1,분석 및 해석
54,Tourist,착시,3,분석 및 해석
54,Tourist,청량감,1,분석 및 해석
54,Tourist,코카콜라,2,기술
55,부뚜막꽃(연작),강냉이,1,기술
55,부뚜막꽃(연작),고소함,1,분석 및 해석
55,부뚜막꽃(연작),곡물,1,기술
55,부뚜막꽃(연작),곡식,1,기술
55,부뚜막꽃(연작),공알,1,기술
55,부뚜막꽃(연작),과자,1,기술
55,부뚜막꽃(연작),구더기,1,기술
55,부뚜막꽃(연작),그리움,6,분석 및 해석
55,부뚜막꽃(연작),깨알,1,기술
55,부뚜막꽃(연작),꽃,12,기술
55,부뚜막꽃(연작),꿈,50,분석 및 해석
55,부뚜막꽃(연작),낟알,1,기술
55,부뚜막꽃(연작),노란색,2,기술
55,부뚜막꽃(연작),다르게보기,1,분석 및 해석
55,부뚜막꽃(연작),달걀,2,기술
55,부뚜막꽃(연작),마늘,1,기술
55,부뚜막꽃(연작),밥,3,기술
55,부뚜막꽃(연작),배고파,1,분석 및 해석
55,부뚜막꽃(연작),맛있겠다,2,분석 및 해석
55,부뚜막꽃(연작),밀알,1,기술
55,부뚜막꽃(연작),발아,1,기술
55,부뚜막꽃(연작),밥,3,기술
55,부뚜막꽃(연작),밥알,1,기술
55,부뚜막꽃(연작),밥풀,2,기술
55,부뚜막꽃(연작),배,3,기술
55,부뚜막꽃(연작),벌레,2,기술
55,부뚜막꽃(연작),병아리,2,기술
55,부뚜막꽃(연작),보리,1,기술
55,부뚜막꽃(연작),보리밥,1,기술
55,부뚜막꽃(연작),보리쌀개나리,1,기술
55,부뚜막꽃(연작),보리알,1,기술
55,부뚜막꽃(연작),봄,4,기술
55,부뚜막꽃(연작),부화,1,분석 및 해석
55,부뚜막꽃(연작),빛,9,기술
55,부뚜막꽃(연작),빛의 새어나감,1,기술
55,부뚜막꽃(연작),빛의예술,1,분석 및 해석
55,부뚜막꽃(연작),뻥튀기직전,1,기술
55,부뚜막꽃(연작),새싹,1,기술
55,부뚜막꽃(연작),생명,4,분석 및 해석
55,부뚜막꽃(연작),생명들,1,기술
55,부뚜막꽃(연작),세포,1,기술
55,부뚜막꽃(연작),숨결,1,기술
55,부뚜막꽃(연작),숨쉬다,1,기술
55,부뚜막꽃(연작),시작,2,분석 및 해석
55,부뚜막꽃(연작),심오하다,49,분석 및 해석
55,부뚜막꽃(연작),심플,9,분석 및 해석
55,부뚜막꽃(연작),쌀,1,기술
55,부뚜막꽃(연작),쌀알,1,기술
55,부뚜막꽃(연작),쌀알무늬,1,기술
55,부뚜막꽃(연작),씨앗,2,기술
55,부뚜막꽃(연작),알,1,기술
55,부뚜막꽃(연작),알갱이,1,기술
55,부뚜막꽃(연작),알곡,1,기술
55,부뚜막꽃(연작),애벌레,1,기술
55,부뚜막꽃(연작),여성성기,1,기술
55,부뚜막꽃(연작),염주,1,기술
55,부뚜막꽃(연작),오밀조밀,1,분석 및 해석
55,부뚜막꽃(연작),옥수수,1,기술
55,부뚜막꽃(연작),올망졸망,1,분석 및 해석
55,부뚜막꽃(연작),옹기종기,2,분석 및 해석
55,부뚜막꽃(연작),율무,1,기술
55,부뚜막꽃(연작),조리퐁,1,기술
55,부뚜막꽃(연작),좀더가까이에서,1,분석 및 해석
55,부뚜막꽃(연작),집합,1,분석 및 해석
55,부뚜막꽃(연작),징그러움,8,분석 및 해석
55,부뚜막꽃(연작),징그러워,2,분석 및 해석
55,부뚜막꽃(연작),촉촉함,1,분석 및 해석
55,부뚜막꽃(연작),커피빈,1,기술
55,부뚜막꽃(연작),클로즈업,1,분석 및 해석
55,부뚜막꽃(연작),탄생,3,분석 및 해석
55,부뚜막꽃(연작),태어나다,1,분석 및 해석
55,부뚜막꽃(연작),팝콘,3,기술
55,부뚜막꽃(연작),팝콘될거임,1,기술
55,부뚜막꽃(연작),환함,1,분석 및 해석
55,부뚜막꽃(연작),황금바라기,1,분석 및 해석
56,3초점의 시선1,거대함,1,분석 및 해석
56,3초점의 시선1,계곡,5,기술
56,3초점의 시선1,계단,1,기술
56,3초점의 시선1,골짜기,3,기술
56,3초점의 시선1,구겨진 종이,1,기술
56,3초점의 시선1,구겨짐,1,분석 및 해석
56,3초점의 시선1,구김,1,분석 및 해석
56,3초점의 시선1,구김의 펼침,1,분석 및 해석
56,3초점의 시선1,그랜드캐년,1,기술
56,3초점의 시선1,길,4,기술
56,3초점의 시선1,꽃,12,기술
56,3초점의 시선1,꾸깃꾸깃,1,분석 및 해석
56,3초점의 시선1,꿈,50,분석 및 해석
56,3초점의 시선1,끝없는 홀,1,기술
56,3초점의 시선1,나무,16,기술
56,3초점의 시선1,낙하,3,분석 및 해석
56,3초점의 시선1,모래계곡,1,기술
56,3초점의 시선1,모래구덩이,1,기술
56,3초점의 시선1,반입체,1,기술
56,3초점의 시선1,배추,2,기술
56,3초점의 시선1,백합,1,기술
56,3초점의 시선1,버섯,1,기술
56,3초점의 시선1,분화구,1,기술
56,3초점의 시선1,빠져들다,1,분석 및 해석
56,3초점의 시선1,사막,3,기술
56,3초점의 시선1,산,10,기술
56,3초점의 시선1,산맥,3,기술
56,3초점의 시선1,산호,1,기술
56,3초점의 시선1,섬유,1,기술
56,3초점의 시선1,신비,18,분석 및 해석
56,3초점의 시선1,심연의,1,분석 및 해석
56,3초점의 시선1,계곡,5,기술
56,3초점의 시선1,심오하다,49,분석 및 해석
56,3초점의 시선1,아득함,3,분석 및 해석
56,3초점의 시선1,엉킴,2,분석 및 해석
56,3초점의 시선1,에베레스트,1,기술
56,3초점의 시선1,여자,9,기술
56,3초점의 시선1,용해,1,기술
56,3초점의 시선1,음각,1,기술
56,3초점의 시선1,이불,2,기술
56,3초점의 시선1,인조,1,분석 및 해석
56,3초점의 시선1,자연의신비,1,분석 및 해석
56,3초점의 시선1,절경,1,기술
56,3초점의 시선1,절벽,3,기술
56,3초점의 시선1,조개껍질,1,기술
56,3초점의 시선1,종이꽃,1,기술
56,3초점의 시선1,주름,2,기술
56,3초점의 시선1,중첩,1,기술
56,3초점의 시선1,지진,2,기술
56,3초점의 시선1,책상의 흠,1,기술
56,3초점의 시선1,천,2,기술
56,3초점의 시선1,추락,2,분석 및 해석
56,3초점의 시선1,클로버,1,기술
56,3초점의 시선1,모양,2,기술
56,3초점의 시선1,파괴,4,분석 및 해석
56,3초점의 시선1,파임,1,기술
56,3초점의 시선1,패인,1,기술
56,3초점의 시선1,나무,16,기술
56,3초점의 시선1,푸름,2,분석 및 해석
56,3초점의 시선1,하이퍼리얼리즘,1,기술
56,3초점의 시선1,해소,2,분석 및 해석
56,3초점의 시선1,혈관,1,기술
56,3초점의 시선1,협곡,1,기술
56,3초점의 시선1,화산,4,기술
56,3초점의 시선1,화산지대,1,기술
56,3초점의 시선1,화성,3,기술
56,3초점의 시선1,휴지,1,기술
57,진판지군환호도,고릴라,1,기술
57,진판지군환호도,고릴라조센진,1,기술
57,진판지군환호도,광기,1,분석 및 해석
57,진판지군환호도,광복,2,기술
57,진판지군환호도,광복,2,기술
57,진판지군환호도,원숭이,2,기술
57,진판지군환호도,괴물,4,기술
57,진판지군환호도,구속,2,분석 및 해석
57,진판지군환호도,깨달음,2,분석 및 해석
57,진판지군환호도,꿈,50,분석 및 해석
57,진판지군환호도,대한독립만세,1,기술
57,진판지군환호도,도벽,1,기술
57,진판지군환호도,독립,2,기술
57,진판지군환호도,동양화,3,기술
57,진판지군환호도,동적임,1,분석 및 해석
57,진판지군환호도,만세,2,분석 및 해석
57,진판지군환호도,모호함,1,분석 및 해석
57,진판지군환호도,몽키,1,기술
57,진판지군환호도,몽키매직,2,기술
57,진판지군환호도,민중,1,기술
57,진판지군환호도,밍크,2,기술
57,진판지군환호도,만세,2,분석 및 해석
57,진판지군환호도,박진영,1,기술
57,진판지군환호도,밥줘,1,분석 및 해석
57,진판지군환호도,백기,1,기술
57,진판지군환호도,백기투항,1,기술
57,진판지군환호도,변종,1,기술
57,진판지군환호도,부조화,11,분석 및 해석
57,진판지군환호도,분노,3,분석 및 해석
57,진판지군환호도,사람이되어가다,1,분석 및 해석
57,진판지군환호도,사서화,1,기술
57,진판지군환호도,사회참여적,2,분석 및 해석
57,진판지군환호도,서커스,3,기술
57,진판지군환호도,선비,2,기술
57,진판지군환호도,성공,1,분석 및 해석
57,진판지군환호도,성난원숭이,1,기술
57,진판지군환호도,성남,1,분석 및 해석
57,진판지군환호도,수묵담채,1,기술
57,진판지군환호도,승리,3,분석 및 해석
57,진판지군환호도,승리의 원숭이,1,기술
57,진판지군환호도,심오하다,49,분석 및 해석
57,진판지군환호도,심플,9,분석 및 해석
57,진판지군환호도,악귀,1,기술
57,진판지군환호도,엠씨몽,1,기술
57,진판지군환호도,여긴내구역,1,분석 및 해석
57,진판지군환호도,오랑우탄,1,기술
57,진판지군환호도,오후,2,기술
57,진판지군환호도,우루사,1,기술
57,진판지군환호도,우스꽝스런,1,분석 및 해석
57,진판지군환호도,운동가,1,기술
57,진판지군환호도,원숭이,2,기술
57,진판지군환호도,원숭이깃발,1,기술
57,진판지군환호도,원숭이도울부짖는31절,1,기술
57,진판지군환호도,원시인,2,기술
57,진판지군환호도,유인원,1,기술
57,진판지군환호도,의인화,1,분석 및 해석
57,진판지군환호도,익살,1,분석 및 해석
57,진판지군환호도,인간,4,기술
57,진판지군환호도,일본,5,기술
57,진판지군환호도,일본항복,1,분석 및 해석
57,진판지군환호도,자유,8,분석 및 해석
57,진판지군환호도,자화상,2,기술
57,진판지군환호도,쟁취,1,분석 및 해석
57,진판지군환호도,조련,1,분석 및 해석
57,진판지군환호도,조삼모사,1,분석 및 해석
57,진판지군환호도,진화,2,분석 및 해석
57,진판지군환호도,최고,1,분석 및 해석
57,진판지군환호도,침팬지,1,기술
57,진판지군환호도,킹콩,1,기술
57,진판지군환호도,털,2,기술
57,진판지군환호도,포효,1,기술
57,진판지군환호도,푸름,2,분석 및 해석
57,진판지군환호도,풍자,4,분석 및 해석
57,진판지군환호도,항복,1,분석 및 해석
57,진판지군환호도,항의,1,분석 및 해석
57,진판지군환호도,혹성탈출,1,분석 및 해석
58,순수형태-심경,가고싶다,2,분석 및 해석
58,순수형태-심경,강운,1,기술
58,순수형태-심경,거품,1,기술
58,순수형태-심경,공간,6,기술
58,순수형태-심경,광명,2,분석 및 해석
58,순수형태-심경,광풍,1,분석 및 해석
58,순수형태-심경,구름,4,기술
58,순수형태-심경,구름위,1,기술
58,순수형태-심경,구름의생성,1,기술
58,순수형태-심경,그림과사진,1,기술
58,순수형태-심경,기름,1,기술
58,순수형태-심경,꿈,50,분석 및 해석
58,순수형태-심경,눈물,2,기술
58,순수형태-심경,디즈니랜드,2,기술
58,순수형태-심경,미켈란젤로,1,기술
58,순수형태-심경,바람,4,기술
58,순수형태-심경,바람의아들,1,기술
58,순수형태-심경,백마,2,기술
58,순수형태-심경,봄날,1,기술
58,순수형태-심경,비,2,기술
58,순수형태-심경,사진,14,기술
58,순수형태-심경,상상의무언가,1,분석 및 해석
58,순수형태-심경,새털구름,1,기술
58,순수형태-심경,생성과소멸,1,분석 및 해석
58,순수형태-심경,선물,1,분석 및 해석
58,순수형태-심경,숨,1,분석 및 해석
58,순수형태-심경,쉐이빙폼,1,기술
58,순수형태-심경,승천,1,분석 및 해석
58,순수형태-심경,시원함,6,분석 및 해석
58,순수형태-심경,신선,2,분석 및 해석
58,순수형태-심경,신화,4,기술
58,순수형태-심경,심오하다,49,분석 및 해석
58,순수형태-심경,아득함,3,분석 및 해석
58,순수형태-심경,아름다움,8,분석 및 해석
58,순수형태-심경,어지러움,6,분석 및 해석
58,순수형태-심경,여유,3,분석 및 해석
58,순수형태-심경,외로움,29,분석 및 해석
58,순수형태-심경,웅장함,1,분석 및 해석
58,순수형태-심경,유니콘,1,기술
58,순수형태-심경,자유,8,분석 및 해석
58,순수형태-심경,전쟁,6,기술
58,순수형태-심경,제우스,1,기술
58,순수형태-심경,제우스신,1,기술
58,순수형태-심경,좋다,2,분석 및 해석
58,순수형태-심경,좋아해,2,분석 및 해석
58,순수형태-심경,천리마,1,기술
58,순수형태-심경,천지창조,2,분석 및 해석
58,순수형태-심경,청량,1,분석 및 해석
58,순수형태-심경,태풍전야,1,기술
58,순수형태-심경,파란색,1,기술
58,순수형태-심경,평온,3,분석 및 해석
58,순수형태-심경,평화,3,분석 및 해석
58,순수형태-심경,축복,1,분석 및 해석
58,순수형태-심경,바람,4,기술
58,순수형태-심경,풍경,14,기술
58,순수형태-심경,하늘,9,기술
58,순수형태-심경,할아버지,2,기술
58,순수형태-심경,화창,1,분석 및 해석
58,순수형태-심경,환상,9,분석 및 해석
58,순수형태-심경,휩쓸림,1,분석 및 해석
58,순수형태-심경,흐름,3,분석 및 해석
58,순수형태-심경,희망,6,분석 및 해석
